ticker,issuer_cik,share_class_tickers,window_start_fy,window_end_fy,window_year_count,latest_fy,latest_ceo,latest_granted_usd,latest_cap_usd,window_granted_usd,window_cap_usd,company_tsr_idx,peer_tsr_idx,tsr_vs_peer,beat_peers,cap_to_granted_x,board_target_in_scope,board_target_stratum,board_target_featured_pct,board_target_metric_type,board_target_verification,source_accessions,flags
TSLA,0001318605,TSLA,2020,2023,4,2023,Elon Musk,,1403000000,0,49735000000,891,209,682.0,True,,True,S&P 100 Layer A,,equity_milestone_award,PRIMARY_VERIFIED,0001104659-25-090866,EQUITY_ONLY_SCT_ZERO
PLTR,0001321655,PLTR,2021,2025,5,2025,Mr. Karp,8623000,11094359597,26727584,16382762764,754.78,258.38,496.4,True,1286.6,True,S&P 100 Layer A,,no_new_CEO_incentive_award,PRIMARY_VERIFIED,0001321655-26-000019,
AVGO,0001730168,AVGO,2021,2025,5,2025,Hock E. Tan,205278006,2267505200,491049307,4319505200,1182.35,243.37,939.0,True,11.05,True,S&P 100 Layer A,0,annual_cash_bonus_actual,PRIMARY_VERIFIED,0001193125-26-085691,
COIN,0001679788,COIN,2021,2025,5,2025,Mr. Armstrong,9713000,37243000,32385267,1998436783,69,209,-140.0,False,3.83,True,S&P 500 findings extension,,CEO_equity_milestone_award,PRIMARY_VERIFIED,0001679788-26-000045,
HOOD,0001783879,HOOD,2021,2025,5,2025,Mr. Tenev,3004978,1020806245,805002943,1241102747,324.81,116.53,208.3,True,339.71,True,S&P 500 findings extension,,CEO_not_bonus_participant,PRIMARY_VERIFIED,0001783879-26-000053,
WELL,0000766704,WELL,2021,2025,5,2025,Shankh Mitra,821090355,999622730,885646307,1175890055,328.20,137.83,190.4,True,1.22,True,S&P 500 findings extension,200,annual_cash_bonus_actual,PRIMARY_VERIFIED,0000766704-26-000014,
PANW,0001327567,PANW,2021,2025,5,2025,Nikesh Arora,99736336,267474290,342892749,1067365657,407.00,280.58,126.4,True,2.68,True,S&P 500 findings extension,120,annual_cash_bonus_actual,PRIMARY_VERIFIED,0001308179-25-000624,
GOOGL,0001652044,GOOG;GOOGL,2021,2025,5,2025,Sundar Pichai,10906079,213903156,262817341,1047855099,360.95,138.27,222.7,True,19.61,True,S&P 100 Layer A,200,LTI_PSU_actual,PRIMARY_VERIFIED,0001308179-26-000342,
ORCL,0001341439,ORCL,2021,2025,5,2025,Safra A. Catz,1113417,461805673,161651586,1039751967,231.5,172.38,59.1,True,414.76,True,S&P 100 Layer A,0,annual_cash_bonus_actual,PRIMARY_VERIFIED,0001193125-25-220801,
NVDA,0001045810,NVDA,2022,2026,5,2026,Jen-Hsun Huang,36343830,162180936,165472568,841926089,1445.67,198.10,1247.6,True,4.46,True,S&P 100 Layer A,150,LTI_PSU_actual,PRIMARY_VERIFIED,0001045810-26-000036,
AAPL,0000320193,AAPL,2021,2025,5,2025,Tim Cook,74294811,108423733,410268949,824726711,233.88,279.51,-45.6,False,1.46,True,S&P 100 Layer A,200,annual_cash_bonus_actual,PRIMARY_VERIFIED,0001308179-26-000008,
WBD,0001437107,WBD,2021,2025,5,2025,Mr. Zaslav,165009366,636141723,552492414,824319770,96,228,-132.0,False,3.86,True,S&P 500 findings extension,200,LTI_supplemental_PRSU_actual,PRIMARY_VERIFIED,0001437107-26-000046,
JPM,0000019617,JPM,2021,2025,5,2025,James Dimon,40632724,246827058,235046318,747732121,289.18,203.21,86.0,True,6.07,True,S&P 100 Layer A,,discretionary_total_incentive,PRIMARY_VERIFIED,0000019617-26-000096,
CRWD,0001535527,CRWD,2022,2026,5,2026,George Kurtz,247579143,330345041,513986725,745806779,204.54,256.43,-51.9,False,1.33,True,S&P 500 findings extension,108.8,annual_cash_bonus_actual,PRIMARY_VERIFIED,0001104659-26-055599,
APP,0001751008,APP,2021,2025,5,2025,Adam Foroughi,12969001,21689564,107741478,694740637,1033.47,234.47,799.0,True,1.67,False,,,,,0001751008-26-000028,
AXON,0001069183,AXON,2021,2025,5,2025,Patrick Smith,40001,-12580422,164672098,683422103,463.27,187.14,276.1,True,-314.5,False,,,,,0001628280-26-025521,
GE,0000040545,GE,2021,2025,5,2025,"H. Lawrence Culp, Jr.",45616160,213466111,180130504,678185430,586,189,397.0,True,4.68,True,S&P 100 Layer A,188,annual_cash_bonus_actual,PRIMARY_VERIFIED,0000040545-26-000018,
NFLX,0001065280,NFLX,2021,2025,5,2025,Sarandos/Peters,53905972,55552263,510959143,638552963,173.4,138.27,35.1,True,1.03,True,S&P 100 Layer A,117.57,annual_cash_bonus_actual,PRIMARY_VERIFIED,0001193125-26-159286,CEO_TRANSITION
TTD,0001671933,TTD,2021,2025,5,2025,Jeff Green,27431583,-856762595,906603141,605207828,47.39,137.99,-90.6,False,-31.23,True,S&P 500 findings extension,103.88,annual_cash_bonus_actual,PRIMARY_VERIFIED,0001671933-26-000034,
MSFT,0000789019,MSFT,2021,2025,5,2025,Satya Nadella,96496790,131138799,328920100,591596050,255,276,-21.0,False,1.36,True,S&P 100 Layer A,103.69,LTI_PSA_component_actual,PRIMARY_VERIFIED,0001193125-25-245150,
GS,0000886982,GS,2021,2025,5,2025,Mr. Solomon,118891684,309806309,250032836,567150997,375,203,172.0,True,2.61,True,S&P 100 Layer A,,retention_RSU_grant,PRIMARY_VERIFIED,0001193125-26-117433,
ARES,0001176948,ARES,2021,2025,5,2025,Michael J Arougheti,68279532,52496782,289681960,499443334,399,196,203.0,True,0.77,False,,,,,0001628280-26-026286,
MPWR,0001280452,MPWR,2021,2025,5,2025,Mr. Hsing,19930736,250151561,94473264,457776790,256.61,253.38,3.2,True,12.55,False,,,,,0001437749-26-014084,
BKNG,0001075531,BKNG,2021,2025,5,2025,Mr. Fogel,35418102,64782562,213570407,441265556,244.36,138.27,106.1,True,1.83,True,S&P 100 Layer A,162,annual_cash_bonus_actual,PRIMARY_VERIFIED,0001308179-26-000310,
FICO,0000814547,FICO,2021,2025,5,2025,Mr. Lansing,36045267,-38933283,176299290,432255018,351.82,162.2,189.6,True,-1.08,False,,,,,0001193125-26-024403,
LLY,0000059478,LLY,2021,2025,5,2025,Mr. Ricks,36698337,75185008,135415115,416427624,670.56,154.11,516.4,True,2.05,True,S&P 100 Layer A,218,annual_cash_bonus_actual,PRIMARY_VERIFIED,0000059478-26-000029,
AXP,0000004962,AXP,2021,2025,5,2025,Mr. Squeri,46239805,95383330,192624668,372979252,326,203,123.0,True,2.06,True,S&P 100 Layer A,181.25,annual_cash_bonus_actual,PRIMARY_VERIFIED,0001104659-26-034163,
CDNS,0000813672,CDNS,2022,2025,4,2025,Dr. Devgan,56547667,95274525,158299876,368026547,229,258,-29.0,False,1.68,False,,,,,0001193125-26-124264,CEO_TRANSITION
AMAT,0000006951,AMAT,2021,2025,5,2025,Mr. Dickerson,29649352,86971543,139968639,367769252,392.09,313.53,78.6,True,2.93,False,,,,,0001193125-26-027307,
REGN,0000872589,REGN,2021,2025,5,2025,Leonard S. Schleifer,7280549,38950031,35762504,364856269,159.77,200.89,-41.1,False,5.35,False,,,,,0001308179-26-000340,
NOW,0001373715,NOW,2021,2025,5,2025,Mr. McDermott,51550957,-83286935,331019884,363319382,139,227,-88.0,False,-1.62,True,S&P 100 Layer A,119.7,LTI_PRSU_component_payout,PRIMARY_VERIFIED,0001373715-26-000039,
MRNA,0001682852,MRNA,2021,2025,5,2025,Mr. Bancel,19932217,15803141,94396298,352851779,28,120,-92.0,False,0.79,True,S&P 500 findings extension,170,annual_cash_bonus_actual,PRIMARY_VERIFIED,0001308179-26-000081,
AMD,0000002488,AMD,2021,2025,5,2025,Lisa Su,55161779,146727337,176224480,346172507,234,547,-313.0,False,2.66,True,S&P 100 Layer A,121,annual_cash_bonus_actual,PRIMARY_VERIFIED,0001193125-26-129057,
LEN,0000920760,LEN,2021,2025,5,2025,,29527931,-11774256,343341752,342747410,201.13,232.34,-31.2,False,-0.4,False,,,,,0001193125-26-073504,CEO_TRANSITION
SMCI,0001375365,SMCI,2021,2025,5,2025,Mr. Liang,442,-190338364,46194342,335369552,1726.31,276.13,1450.2,True,-430629.78,True,S&P 500 findings extension,,CEO_equity_milestone_award,PRIMARY_VERIFIED,0001375365-26-000008,
LYV,0001335258,LYV,2021,2025,5,2025,Michael Rapino,32552324,52276782,241799407,334667070,193.93,81.97,112.0,True,1.61,False,,,,,0001193125-26-174146,
WSM,0000719955,WSM,2022,2026,5,2026,Laura Alber,33297422,56216918,123332918,332578800,349.00,164.12,184.9,True,1.69,False,,,,,0000719955-26-000109,
AIG,0000005272,AIG,2021,2025,5,2025,Peter Zaffino,32460049,67983800,192905314,329190223,253.09,234.32,18.8,True,2.09,False,,,,,0000005272-26-000039,CEO_TRANSITION
TDG,0001260221,TDG,2021,2025,5,2025,Kevin M. Stein,25188430,27144336,110660673,328727134,333.54,282.62,50.9,True,1.08,False,,,,,0001260221-26-000009,
ABBV,0001551152,ABBV,2021,2025,5,2025,,32530984,57365441,155387700,326712692,259.36,186.74,72.6,True,1.76,False,,,,,0001104659-26-033387,CEO_TRANSITION
MS,0000895421,MS,2021,2025,5,2025,Edward Pick,37187657,92936732,169360835,312628761,304,203,101.0,True,2.5,False,,,,,0001140361-26-012975,
WMB,0000107263,WMB,2021,2025,5,2025,,17919373,31816791,88121654,308974343,384.31,302.61,81.7,True,1.78,False,,,,,0001193125-26-112643,CEO_TRANSITION
WFC,0000072971,WFC,2021,2025,5,2025,Mr. Scharf,94522642,136245977,196795831,305864182,347,196,151.0,True,1.44,True,S&P 100 Layer A,,discretionary_performance_year_award,PRIMARY_VERIFIED,0000072971-26-000200,
WDAY,0001327811,WDAY,2022,2026,5,2026,Carl Eschenbach,26031706,-17705405,282477729,302150062,77,125,-48.0,False,-0.68,True,S&P 500 findings extension,100,annual_cash_bonus_actual,PRIMARY_VERIFIED,0001104659-26-055687,CEO_TRANSITION
EXPE,0001324424,EXPE,2021,2025,5,2025,,17592584,70393447,341364795,296453365,215.72,138.27,77.4,True,4.0,False,,,,,0001324424-26-000022,CEO_TRANSITION
FLEX,0000866374,FLEX,2022,2026,5,2026,Revathi Advaithi,44391138,169414161,105905059,291326320,491,718,-227.0,False,3.82,True,S&P 500 findings extension,180.68,annual_cash_bonus_actual,PRIMARY_VERIFIED,0001308179-26-000365,
TMUS,0001283699,TMUS,2021,2025,5,2025,,50408096,63432371,205047320,289990047,156,112,44.0,True,1.26,False,,,,,0001193125-26-181884,CEO_TRANSITION
CAT,0000018230,CAT,2021,2025,5,2025,,22191496,82309936,135196833,285382279,346.12,189.72,156.4,True,3.71,False,,,,,0001308179-26-000358,CEO_TRANSITION
MU,0000723125,MU,2021,2025,5,2025,Sanjay Mehrotra,30940146,86570533,140434743,283382814,269.61,261.97,7.6,True,2.8,False,,,,,0000723125-25-000038,
KLAC,0000319201,KLAC,2021,2025,5,2025,Richard Wallace,25092254,34769252,108848591,283227512,489.42,277.82,211.6,True,1.39,False,,,,,0001193125-25-213294,
AMZN,0001018724,AMZN,2021,2025,5,2025,,2069861,13205807,220706246,277089824,142,,,,6.38,False,,,,,0001104659-26-041026,CEO_TRANSITION
AON,0000315293,AON,2021,2025,5,2025,Gregory C. Case,73742639,82231585,163147232,275412311,174,203,-29.0,False,1.12,False,,,,,0001193125-26-187428,
MSI,0000068505,MSI,2021,2025,5,2025,Gregory Q. Brown,34453481,-34855292,134482486,274675113,239.54,241.63,-2.1,False,-1.01,False,,,,,0001193125-26-139004,
APH,0000820313,APH,2021,2025,5,2025,R. Adam Norwitt.,22351288,141580126,77501125,271476539,432.58,236.57,196.0,True,6.33,False,,,,,0001104659-26-040688,
IRM,0001020569,IRM,2021,2025,5,2025,William L. Meaney,17047480,21943637,82469886,262916469,347.18,137.53,209.7,True,1.29,False,,,,,0001020569-26-000026,
MNST,0000865752,MNST,2021,2025,5,2025,,19282630,56281111,167592837,262709032,166,124,42.0,True,2.92,False,,,,,0001104659-26-035990,CEO_TRANSITION
VRT,0001674101,VRT,2021,2025,5,2025,Mr. Albertazzi,18311719,102015794,49985994,262300979,871.48,189.1,682.4,True,5.57,False,,,,,0001193125-26-174898,
XOM,0000034088,XOM,2021,2025,5,2025,D.W. Woods,32998628,60042706,173452782,262276549,356,228,128.0,True,1.82,False,,,,,0001193125-26-147614,
CVNA,0001690820,CVNA,2021,2025,5,2025,Mr. Garcia,8382555,110136005,36077397,261527074,176.18,150.08,26.1,True,13.14,False,,,,,0001690820-26-000024,
RTX,0000101829,RTX,2021,2025,5,2025,Christopher T. Calio,24846826,88622978,125304673,261494093,287.64,230.45,57.2,True,3.57,False,,,,,0001308179-26-000036,CEO_TRANSITION
C,0000831001,C,2021,2025,5,2025,Ms. Fraser,95757800,144786188,209003616,260868400,226.34,203.47,22.9,True,1.51,True,S&P 100 Layer A,,discretionary_incentive_dollars,PRIMARY_VERIFIED,0001206774-26-000185,CEO_TRANSITION
INTU,0000896878,INTU,2021,2025,5,2025,Sasan K. Goodarzi,36845552,61856382,152827435,259440780,264.44,268.74,-4.3,False,1.68,False,,,,,0000896878-25-000057,
PLD,0001045609,PLD,2021,2025,5,2025,Mr. Moghadam,24999873,80571565,173797493,257703083,147.42,137.53,9.9,True,3.22,False,,,,,0001193125-26-115132,
HWM,0000004281,HWM,2021,2025,5,2025,John C. Plant,70547718,134793953,126442197,254974014,728.18,230.45,497.7,True,1.91,False,,,,,0001104659-26-039940,CEO_TRANSITION
V,0001403161,V,2021,2025,5,2025,McInerney,31560660,55819305,168935393,253053635,176.94,245.77,-68.8,False,1.77,False,,,,,0001308179-25-000635,CEO_TRANSITION
COF,0000927628,COF,2021,2025,5,2025,Mr. Fairbank,64971137,94125501,172452644,251982723,268.21,203.47,64.7,True,1.45,True,S&P 100 Layer A,,discretionary_performance_year_award,PRIMARY_VERIFIED,0001193125-26-124131,
WMT,0000104169,WMT,2022,2026,5,2026,Doug McMillon,29240930,36488421,134596095,247975380,272.28,164.12,108.2,True,1.25,False,,,,,0001193125-26-173673,
UBER,0001543151,UBER,2021,2025,5,2025,Mr. Khosrowshahi,35595826,66651137,143467459,245838314,160.22,258.38,-98.2,False,1.87,False,,,,,0001308179-26-000125,
MCK,0000927653,MCK,2022,2026,5,2026,Brian S. Tyler,24213044,48925847,101745708,243897593,456.33,136.77,319.6,True,2.02,False,,,,,0000927653-26-000169,
MRVL,0001835632,MRVL,2022,2026,5,2026,Mr. Murphy,25064348,-69708823,140340331,243888992,156.47,293.24,-136.8,False,-2.78,False,,,,,0001104659-26-060253,
HLT,0001585689,HLT,2021,2025,5,2025,Mr. Nassetta,27674400,38013198,129007017,240588813,261.39,226.60,34.8,True,1.37,False,,,,,0001585689-26-000023,
INTC,0000050863,INTC,2021,2025,5,2025,Lip-Bu Tan,92990900,161645068,404303300,240297069,85.08,264.83,-179.8,False,1.74,True,S&P 100 Layer A,118.7,annual_cash_bonus_actual,PRIMARY_VERIFIED,0000050863-26-000066,CEO_TRANSITION
KO,0000021344,KO,2021,2025,5,2025,James Quincey,31208165,61649669,131659754,236525246,148,113,35.0,True,1.98,False,,,,,0001104659-26-028215,
AMP,0000820027,AMP,2021,2025,5,2025,Mr. Cracchiolo,30828468,33081532,131427801,236147532,272,203,69.0,True,1.07,False,,,,,0001104659-26-032725,
HCA,0000860730,HCA,2021,2025,5,2025,Hazen,26456606,78235064,106844713,236124415,296.34,148.36,148.0,True,2.96,False,,,,,0001193125-26-106142,
CB,0000896159,CB,2021,2025,5,2025,Evan G. Greenberg,33180582,58465778,139313247,235719661,219.13,228.54,-9.4,False,1.76,False,,,,,0001104659-26-039513,
GM,0001467858,GM,2021,2025,5,2025,Ms. Barra,29895868,87783000,145356260,234122797,202,149,53.0,True,2.94,False,,,,,0001467858-26-000022,
BNY,0001390777,BNY,2021,2025,5,2025,Robin Vince,83472970,118040693,163021721,232402564,315.84,203.47,112.4,True,1.41,True,S&P 100 Layer A,147.5,LTI_PSU_actual,PRIMARY_VERIFIED,0001193125-26-092500,CEO_TRANSITION
TRV,0000086312,TRV,2021,2025,5,2025,Mr. Schnitzer,26968756,55596018,113684420,232169633,228.51,223.20,5.3,True,2.06,False,,,,,0000086312-26-000103,
PH,0000076334,PH,2021,2025,5,2025,Jennifer A. Parmentier,19317705,45272113,108597330,230182975,408.78,233.00,175.8,True,2.34,False,,,,,0001308179-25-000603,CEO_TRANSITION
TECH,0000842023,TECH,2021,2025,5,2025,,8151181,2471713,79426115,228265242,79.49,103.58,-24.1,False,0.3,False,,,,,0001308179-25-000599,CEO_TRANSITION
COHR,0000820318,COHR,2021,2025,5,2025,James R. Anderson,3722935,34479371,170654207,224797111,188.92,162.71,26.2,True,9.26,False,,,,,0001104659-25-096170,CEO_TRANSITION
CSCO,0000858877,CSCO,2021,2025,5,2025,R. Scott Herren,52838751,94076610,178615744,223427555,172.19,292.59,-120.4,False,1.78,False,,,,,0000858877-25-000150,
IBM,0000051143,IBM,2021,2025,5,2025,Mr. Krishna,37989685,83586950,117662827,221201567,303,210,93.0,True,2.2,True,S&P 100 Layer A,150,annual_cash_bonus_actual,PRIMARY_VERIFIED,0000051143-26-000025,
DAL,0000027904,DAL,2021,2025,5,2025,Edward H. Bastian,19222401,105500600,102520605,220971355,177,88,89.0,True,5.49,False,,,,,0001308179-26-000345,
ANET,0001596532,ANET,2021,2025,5,2025,Jayshree Ullal,2872145,26188077,54113054,220793370,721,163,558.0,True,9.12,False,,,,,0001193125-26-158942,
ADI,0000006281,ADI,2021,2025,5,2025,Vincent Roche,27456265,54018907,128359133,217222882,215.75,274.22,-58.5,False,1.97,False,,,,,0000006281-26-000010,
PWR,0001050915,PWR,2021,2025,5,2025,"Earl C. Austin, Jr.",15699684,63353478,68956582,217188136,591.12,280.39,310.7,True,4.04,False,,,,,0001193125-26-150293,
VST,0001692819,VST,2021,2025,5,2025,James A. Burke (PEO),15989188,40719971,69166572,217179313,912.44,159.06,753.4,True,2.55,False,,,,,0001628280-26-019029,CEO_TRANSITION
UNH,0000731766,UNH,2021,2025,5,2025,Hemsley/Witty (transition),60938062,56498799,185930927,217100686,102,148,-46.0,False,0.93,True,S&P 100 Layer A,0,LTI_PSU_actual,PRIMARY_VERIFIED,0001104659-26-046125,CEO_TRANSITION
CEG,0001868275,CEG,2022,2025,4,2025,Mr. Dominguez,17115179,78753450,58956610,216883385,734,162,572.0,True,4.6,False,,,,,0001552781-26-000140,
TRGP,0001389170,TRGP,2021,2025,5,2025,Matthew J. Meloy,21470708,31013211,81072613,216317243,769.9,346.67,423.2,True,1.44,False,,,,,0001193125-26-126280,
TMO,0000097745,TMO,2021,2025,5,2025,Mr. Casper,79923350,116091264,178792885,216150470,126.05,156.63,-30.6,False,1.45,True,S&P 100 Layer A,99.8,annual_cash_bonus_actual,PRIMARY_VERIFIED,0001193125-26-144585,
NDAQ,0001120193,NDAQ,2021,2025,5,2025,Adena T. Friedman,25014550,59054224,113042670,214844719,235,197,38.0,True,2.36,False,,,,,0001628280-26-027245,
SYF,0001601712,SYF,2021,2025,5,2025,Brian Doubles,21373734,57677474,95408943,214662851,269,129,140.0,True,2.7,False,,,,,0001601712-26-000017,CEO_TRANSITION;MANUAL_PRIMARY_TABLE;MANUAL_PRIMARY_TABLE
GEV,0001996810,GEV,2024,2025,2,2025,Scott Strazik,18020345,119347311,42346683,213086612,468,128,340.0,True,6.62,False,,,,,0001996810-26-000049,
PGR,0000080661,PGR,2021,2025,5,2025,Mrs. Griffith,17705924,25770278,76931843,210790712,254.12,228.85,25.3,True,1.46,False,,,,,0000080661-26-000099,
GILD,0000882095,GILD,2021,2025,5,2025,Mr. O’Day,28437198,63256337,115584999,209976102,255,125,130.0,True,2.22,False,,,,,0001308179-26-000106,
TJX,0000109198,TJX,2022,2026,5,2026,Mr. Herrman,26603537,47445659,124636202,209869799,251.93,209.16,42.8,True,1.78,False,,,,,0000109198-26-000015,
RJF,0000720005,RJF,2021,2025,5,2025,,21070760,54364869,127628624,209259972,380.95,290.78,90.2,True,2.58,False,,,,,0000720005-26-000019,CEO_TRANSITION
PCG,0001004980,PCG,2021,2025,5,2025,,19812481,7193982,191130896,206020175,130,145,-15.0,False,0.36,False,,,,,0001004980-26-000020,CEO_TRANSITION
COP,0001163165,COP,2021,2025,5,2025,Mr. Lance,23450085,22778058,111196021,205309779,279.04,285.59,-6.5,False,0.97,False,,,,,0001104659-26-036366,
TT,0001466258,TT,2021,2025,5,2025,Mr. Regnery,27262157,28107983,122244261,203961916,286,189,97.0,True,1.03,False,,,,,0001628280-26-026679,CEO_TRANSITION
AZO,0000866787,AZO,2021,2025,5,2025,,9636414,21265131,75426724,201243834,353.08,151.97,201.1,True,2.21,False,,,,,0001104659-25-103210,CEO_TRANSITION
GD,0000040533,GD,2021,2025,5,2025,Novakovic,25924082,51230765,117333588,200036746,253,230,23.0,True,1.98,False,,,,,0001308179-26-000168,
TKO,0001973266,TKO,2023,2025,3,2025,Ariel Emanuel,67361782,102000000,150403613,200000000,213.23,204.86,8.4,True,1.51,False,,,,,0001193125-26-173833,
BLK,0002012383,BLK,2021,2025,5,2025,Mr. Fink,37749569,55823885,160771033,198690043,,,,,1.48,False,,,,,0001308179-26-000262,
MAR,0001048286,MAR,2021,2025,5,2025,Mr. Capuano,22970926,39528666,116954190,196356029,243.83,226.6,17.2,True,1.72,False,,,,,0001140361-26-011590,CEO_TRANSITION
MPC,0001510295,MPC,2021,2025,5,2025,"2025: Ms. Mannen•2024: Ms. Mannen (top row), who was promoted to the CEO role effective August 1, 2024, and Mr. Hennigan (bottom row), who transitioned from the CEO role to Executive Chairman on that date •2023, 2022 and 2021: Mr. Hennigan",19016261,22476265,123688461,196307908,448.38,329.43,118.9,True,1.18,False,,,,,0001510295-26-000023,CEO_TRANSITION
COR,0001140859,COR,2021,2025,5,2025,Robert P. Mauch,18256227,33887631,85852205,194974111,341.68,143.51,198.2,True,1.86,False,,,,,0001628280-26-003061,
BAC,0000070858,BAC,2021,2025,5,2025,Brian T. Moynihan,33711521,53507725,144928087,194322711,205,196,9.0,True,1.59,False,,,,,0001193125-26-118929,
PM,0001413329,PM,2021,2025,5,2025,Mr. Olczak,29072171,56821594,116472387,194031529,247.10,128.30,118.8,True,1.95,False,,,,,0001628280-26-021169,CEO_TRANSITION
SO,0000092122,SO,2021,2025,5,2025,Christopher C. Womack,28223562,26123940,154349816,190919373,171.34,153.04,18.3,True,0.93,False,,,,,0000092122-26-000028,CEO_TRANSITION
CVS,0000064803,CVS,2021,2025,5,2025,J. David Joyner,21214084,50482415,129558915,190639387,136.61,148.36,-11.8,False,2.38,False,,,,,0001308179-26-000201,CEO_TRANSITION
SBUX,0000829224,SBUX,2021,2025,5,2025,,30992773,3634603,207832151,190162446,110.47,165.21,-54.7,False,0.12,False,,,,,0001213900-26-007780,CEO_TRANSITION
SPG,0001063761,SPG,2021,2025,5,2025,David Simon,11663678,31738170,134765730,190116661,283,174,109.0,True,2.72,False,,,,,0001104659-26-038320,
NEE,0000753308,NEE,2021,2025,5,2025,Mr. Ketchum,24192607,37973057,149078490,189057736,118.24,146.25,-28.0,False,1.57,False,,,,,0001104659-26-038551,CEO_TRANSITION
LRCX,0000707549,LRCX,2021,2025,5,2025,Timothy M. Archer,28298161,14697241,109180193,189022455,340,307,33.0,True,0.52,False,,,,,0001140361-25-036012,
MRSH,0000062709,MRSH,2021,2025,5,2025,John Q. Doyle,25051051,11535337,119357684,187996610,171,203,-32.0,False,0.46,False,,,,,0001193125-26-133303,
JBL,0000898293,JBL,2021,2025,5,2025,,16092334,33288152,92128852,186811440,611.94,182.29,429.7,True,2.07,False,,,,,0001193125-25-316927,CEO_TRANSITION
DHI,0000882184,DHI,2021,2025,5,2025,Paul Romanowski,25128033,21368977,142925417,186472722,235.46,214.30,21.2,True,0.85,False,,,,,0000882184-25-000114,
UAL,0000100517,UAL,2021,2025,5,2025,Scott Kirby,32282253,45643992,104422206,186439714,258.54,87.62,170.9,True,1.41,False,,,,,0001104659-26-040467,
RCL,0000884887,RCL,2021,2025,5,2025,Mr. Jason Liberty,23978813,48985531,87569200,184532672,380.05,152.06,228.0,True,2.04,False,,,,,0000884887-26-000017,CEO_TRANSITION
IQV,0001478242,IQV,2021,2025,5,2025,Ari Bousbib,28128245,36068712,142763875,184194794,125.81,186.82,-61.0,False,1.28,False,,,,,0001628280-26-012892,
FISV,0000798354,FISV,2021,2025,5,2025,,70341992,20838113,186648228,183773622,59,203,-144.0,False,0.3,False,,,,,0001140361-26-013003,CEO_TRANSITION
PG,0000080424,PG,2021,2025,5,2025,Mr. Moeller,21909816,15425410,126801100,183028794,150.71,170.04,-19.3,False,0.7,False,,,,,0001193125-25-191749,CEO_TRANSITION
CBRE,0001138118,CBRE,2021,2025,5,2025,Robert E. Sulentic,24325039,45581677,104060245,181218444,256.36,168.39,88.0,True,1.87,False,,,,,0001193125-26-141285,
NOC,0001133421,NOC,2021,2025,5,2025,Kathy Warden,25400000,46100000,115100000,179500000,203.19,212.68,-9.5,False,1.81,False,,,,,0001133421-26-000007,
BSX,0000885725,BSX,2021,2025,5,2025,Michael F. Mahoney,23532050,32971714,96682586,179459578,265.23,148.36,116.9,True,1.4,False,,,,,0000885725-26-000025,
LIN,0001707925,LIN,2021,2025,5,2025,Sanjiv Lamba,21777870,15934321,108064106,179232097,173.35,138.87,34.5,True,0.73,False,,,,,0001193125-26-192209,CEO_TRANSITION
RL,0001037038,RL,2022,2026,5,2026,Mr. Louvet,23264269,62764477,95996686,177091771,297.74,58.52,239.2,True,2.7,False,,,,,0001140361-26-025788,
AFL,0000004977,AFL,2021,2025,5,2025,Daniel P. Amos,25033687,38988251,96509718,176639226,278.50,201.00,77.5,True,1.56,False,,,,,0001628280-26-019621,
DIS,0001744489,DIS,2021,2025,5,2025,Mr. Iger,45842574,63461475,185131443,175658435,94.13,224.99,-130.9,False,1.38,False,,,,,0001744489-26-000013,CEO_TRANSITION
EBAY,0001065088,EBAY,2021,2025,5,2025,Mr. Iannone,28463890,74378139,109009636,175600708,189.15,258.38,-69.2,False,2.61,False,,,,,0001552781-26-000285,
VRTX,0000875320,VRTX,2021,2025,5,2025,Reshma Kewalramani,21144261,38218069,94340723,173902554,191.83,124.75,67.1,True,1.81,False,,,,,0000875320-26-000153,
HIG,0000874766,HIG,2021,2025,5,2025,Christopher Swift,22114212,48028798,89776627,173767406,312,210,102.0,True,2.17,False,,,,,0000874766-26-000025,
AJG,0000354190,AJG,2021,2025,5,2025,Pat Gallagher,20745060,31447358,81767505,173208302,91.98,93.06,-1.1,False,1.52,False,,,,,0000354190-26-000101,
QCOM,0000804328,QCOM,2021,2025,5,2025,Cristiano R. Amon,29701097,29635405,111896596,171750319,164,229,-65.0,False,1.0,False,,,,,0001104659-26-005781,CEO_TRANSITION
PSX,0001534701,PSX,2021,2025,5,2025,Mr. Lashier,23113403,32433844,120581604,169567096,224.57,342.94,-118.4,False,1.4,False,,,,,0001534701-26-000010,CEO_TRANSITION
ADP,0000008670,ADP,2021,2025,5,2025,Ms. Black,19137192,31938998,102862717,168861793,229.88,196.20,33.7,True,1.67,False,,,,,0001308179-25-000607,CEO_TRANSITION
OMC,0000029989,OMC,2021,2025,5,2025,John Wren,69865846,67924486,152350944,168857203,154.22,224.01,-69.8,False,0.97,False,,,,,0001213900-26-034811,
CVX,0000093410,CVX,2021,2025,5,2025,Mr. Wirth,26828240,17696603,133733862,168456979,222,275,-53.0,False,0.66,False,,,,,0001193125-26-145617,
ETN,0001551182,ETN,2021,2025,5,2025,,13974141,-16187601,98764979,168248248,288,175,113.0,True,-1.16,False,,,,,0001193125-26-105117,CEO_TRANSITION
CARR,0001783180,CARR,2021,2025,5,2025,Mr. Gitlin,14962913,-27792296,126507420,168143968,149,173,-24.0,False,-1.86,False,,,,,0001783180-26-000016,
ALL,0000899051,ALL,2021,2025,5,2025,Mr. Wilson,22920898,45082152,100225071,167748764,214,214,0.0,False,1.97,False,,,,,0000899051-26-000063,
CAH,0000721371,CAH,2021,2025,5,2025,,18976195,72784925,92888774,167696695,371,134,237.0,True,3.84,False,,,,,0000721371-25-000114,CEO_TRANSITION
WAB,0000943452,WAB,2021,2025,5,2025,Rafael Santana,26181461,45529360,85361730,166129942,300,179,121.0,True,1.74,False,,,,,0001628280-26-022197,
MA,0001141391,MA,2021,2025,5,2025,Mr. Miebach,35422518,35653703,128447096,165775897,165,203,-38.0,False,1.01,False,,,,,0001141391-26-000021,CEO_TRANSITION
JCI,0000833444,JCI,2021,2025,5,2025,,19963827,33407820,99333034,165348980,299,208,91.0,True,1.67,False,,,,,0001104659-26-004565,CEO_TRANSITION
TEL,0001385157,TEL,2021,2025,5,2025,Terrence Curtin,18325536,66647241,82530693,164784964,247.03,288,-41.0,False,3.64,False,,,,,0001104659-26-003934,
LHX,0000202058,LHX,2021,2026,5,2026,Mr. Kubasik,25617590,59464701,114400793,163449339,178.36,237.57,-59.2,False,2.32,False,,,,,0001104659-26-038170,CEO_TRANSITION
FOXA,0001754301,FOX;FOXA,2021,2025,5,2025,Mr. L.K. Murdoch,32980954,66319496,127988961,163376926,224,157,67.0,True,2.01,False,,,,,0001628280-25-042772,
DE,0000315189,DE,2021,2025,5,2025,Mr. May,27925424,14950301,122662592,161587740,217.99,221.76,-3.8,False,0.54,False,,,,,0001104659-26-003618,
TPR,0001116132,TPR,2021,2025,5,2025,Joanne Crevoiserat,17340349,77657770,73638160,160872550,780,101,679.0,True,4.48,False,,,,,0001140361-25-036303,CEO_TRANSITION
SCHW,0000316709,SCHW,2021,2025,5,2025,Walter W. Bettinger II,18755222,27233933,115340258,160323422,201,231,-30.0,False,1.45,False,,,,,0001193125-26-142826,
FCX,0000831259,FCX,2021,2025,5,2025,Kathleen L. Quirk,14808126,24358128,115489775,159872763,208.56,330.58,-122.0,False,1.64,False,,,,,0001193125-26-173666,CEO_TRANSITION
EQT,0000033213,EQT,2021,2025,5,2025,Mr. Toby Z. Rice,16087233,25997564,66463580,159058673,448.69,323.98,124.7,True,1.62,False,,,,,0001104659-26-020027,
CIEN,0000936395,CIEN,2021,2025,5,2025,Mr. Smith,18530396,94502099,71507410,158651807,482.15,271.04,211.1,True,5.1,False,,,,,0001193125-26-047977,
NUE,0000073309,NUE,2021,2025,5,2025,Leon J. Topalian,14945471,27574194,91161375,157499801,331,342,-11.0,False,1.84,False,,,,,0001193125-26-127739,
JNJ,0000200406,JNJ,2022,2025,4,2025,J. Duato,32758111,68275237,125299157,157425228,151.55,188.57,-37.0,False,2.08,False,,,,,0000200406-26-000063,CEO_TRANSITION
VLO,0001035002,VLO,2021,2025,5,2025,R. Lane Riggs,34228523,31442695,149660258,157014565,346.01,251.49,94.5,True,0.92,False,,,,,0001628280-26-019806,CEO_TRANSITION
IR,0001699150,IR,2021,2025,5,2025,Mr. Reynal,16197391,-30164108,114330563,156806244,174.76,189.72,-15.0,False,-1.86,False,,,,,0001140361-26-016726,
WDC,0000106040,WDC,2021,2025,5,2025,,24931456,42539122,114418991,155685959,198,352,-154.0,False,1.71,False,,,,,0001628280-25-044298,CEO_TRANSITION
IT,0000749251,IT,2021,2025,5,2025,Mr. Hall,19226580,-7029765,83426668,155459311,158,130,28.0,True,-0.37,False,,,,,0000749251-26-000159,
T,0000732717,T,2021,2025,5,2025,John Stankey,29906872,43038808,130504279,155080641,155,213,-58.0,False,1.44,False,,,,,0001193125-26-119888,
SYK,0000310764,SYK,2021,2025,5,2025,Mr. Lobo,21401495,24776477,99071823,154702448,151.03,148.36,2.7,True,1.16,False,,,,,0000310764-26-000013,
SPGI,0000064040,SPGI,2021,2025,5,2025,Martina Cheung,12831062,16625418,108673392,154163921,166,155,11.0,True,1.3,False,,,,,0001104659-26-037380,CEO_TRANSITION
EMR,0000032604,EMR,2021,2025,5,2025,S. L. Karsanbhai,21240262,37115801,105704644,154099861,225.78,217.50,8.3,True,1.75,False,,,,,0000032604-25-000103,CEO_TRANSITION
F,0000037996,F,2021,2025,5,2025,"James D. Farley, Jr.",27519558,49214346,122660777,151690144,197,149,48.0,True,1.79,False,,,,,0001552781-26-000164,
GLW,0000024741,GLW,2021,2025,5,2025,Wendell P. Weeks,25756121,61628148,100005711,150347967,279.06,249.73,29.3,True,2.39,False,,,,,0001206774-26-000148,
EQIX,0001101239,EQIX,2021,2025,5,2025,Ms. Fox-Martin,22654885,11908291,152063485,150319080,118.10,123.88,-5.8,False,0.53,False,,,,,0001101239-26-000073,CEO_TRANSITION
HAL,0000045012,HAL,2021,2025,5,2025,Jeffrey A. Miller,16525407,18843234,101757441,150175557,163.76,181.72,-18.0,False,1.14,False,,,,,0000045012-26-000033,
AMGN,0000318154,AMGN,2021,2025,5,2025,Mr. Bradway,24693120,49378868,114886152,149840535,166.63,192.38,-25.8,False,2.0,False,,,,,0001193125-26-145588,
CCL,0000815097,CCL,2021,2025,5,2025,Josh Weinstein,18887776,37060165,90485358,148968893,129.03,196.57,-67.5,False,1.96,False,,,,,0001104659-26-021074,CEO_TRANSITION
PTC,0000857005,PTC,2021,2025,5,2025,Mr. Barua,24315129,22858151,95720227,148655462,245.43,284.85,-39.4,False,0.94,False,,,,,0001104659-25-124170,CEO_TRANSITION
CNP,0001130310,CNP,2021,2025,5,2025,Jason Wells,12092341,24629013,89662193,148372576,201.5,130.1,71.4,True,2.04,False,,,,,0001104659-26-023457,CEO_TRANSITION
NWSA,0001564708,NWS;NWSA,2021,2025,5,2025,Mr. Thomson,20623729,24422935,102999460,144731571,269,103,166.0,True,1.18,False,,,,,0001140361-25-037696,
IBKR,0001381197,IBKR,2021,2025,5,2025,Mr. Milan Galik,19669486,42156235,78713531,143350602,434,196,238.0,True,2.14,False,,,,,0001381197-26-000066,
BKR,0001701605,BKR,2021,2025,5,2025,Mr. Simonelli,21363825,33415063,95185250,141041259,248,165,83.0,True,1.56,False,,,,,0001193125-26-130309,
MMM,0000066740,MMM,2021,2025,5,2025,William M. Brown,21005009,35738149,108065582,140542766,132,173,-41.0,False,1.7,False,,,,,0000066740-26-000151,CEO_TRANSITION
EL,0001001250,EL,2021,2025,5,2025,,17793402,6575426,158546767,139704849,45.86,170.04,-124.2,False,0.37,False,,,,,0001104659-25-093184,CEO_TRANSITION
ICE,0001571949,ICE,2021,2025,5,2025,Mr. Sprecher,22133386,28617998,100697213,138897450,149.78,141.57,8.2,True,1.29,False,,,,,0001193125-26-134700,
CME,0001156375,CME,2021,2025,5,2025,Terrence A. Duffy,23394854,38204401,116676257,138556749,181.29,164.59,16.7,True,1.63,False,,,,,0001628280-26-020500,
ACGL,0000947484,ACGL,2021,2025,5,2025,Mr. Papadopoulo,14626320,27474443,90345984,138101303,279.66,234.32,45.3,True,1.88,False,,,,,0000947484-26-000038,CEO_TRANSITION
DUK,0001326160,DUK,2021,2025,5,2025,,13652630,15135448,101569918,138085614,156,153,3.0,True,1.11,False,,,,,0001104659-26-032443,CEO_TRANSITION
MRK,0000310158,MRK,2021,2025,5,2025,Mr. Davis,20797845,15760172,111826330,137381373,158.08,198.33,-40.2,False,0.76,False,,,,,0001193125-26-147704,CEO_TRANSITION
MCD,0000063908,MCD,2021,2025,5,2025,Mr. Kempczinski,20574525,17916531,95723435,137246381,160,173,-13.0,False,0.87,False,,,,,0001193125-26-145548,
WM,0000823768,WM,2021,2025,5,2025,"Mr. James C. Fish, Jr.",19048786,27485198,78652807,135935971,202,196,6.0,True,1.44,False,,,,,0001104659-26-037381,
PNC,0000713676,PNC,2021,2025,5,2025,William S. Demchak,29503081,35678671,109509487,135652969,167.9,196,-28.1,False,1.21,False,,,,,0001193125-26-102189,
BG,0001996862,BG,2021,2025,5,2025,Gregory Heckman,18945479,24536788,87393615,135198965,155,101,54.0,True,1.3,False,,,,,0001628280-26-024588,
ISRG,0001035267,ISRG,2021,2025,5,2025,,20997480,26375695,88142716,134646433,287.42,102.99,184.4,True,1.26,False,,,,,0001035267-26-000023,CEO_TRANSITION
FANG,0001539838,FANG,2021,2025,5,2025,,20502775,16582404,105023261,134204263,383.98,269.59,114.4,True,0.81,False,,,,,0001308179-26-000242,CEO_TRANSITION
DDOG,0001561550,DDOG,2021,2025,5,2025,Mr. Pomel,27055482,50088037,78424849,133896166,360,388,-28.0,False,1.85,False,,,,,0001628280-26-028118,
STX,0001137789,STX,2021,2025,5,2025,William D. Mosley,17176927,57393073,67096369,133840249,358,229,129.0,True,3.34,False,,,,,0001137789-25-000211,
INCY,0000879169,INCY,2021,2025,5,2025,,32085952,54707801,103699182,133362998,113.55,119.92,-6.4,False,1.71,False,,,,,0000879169-26-000031,CEO_TRANSITION
PEP,0000077476,PEP,2021,2025,5,2025,Ramon L. Laguarta,23903545,1401981,140519351,133215965,112.86,111.09,1.8,True,0.06,False,,,,,0001308179-26-000169,
ULTA,0001403568,ULTA,2022,2026,5,2026,Kecia L. Steelman,15403663,33853098,75906908,132658916,231.4,158.51,72.9,True,2.2,False,,,,,0001104659-26-046308,CEO_TRANSITION
TXT,0000217346,TXT,2021,2025,5,2025,Mr. Donnelly,21165556,24044049,95144589,132367324,181.1,237.6,-56.5,False,1.14,False,,,,,0001552781-26-000084,
STLD,0001022671,STLD,2021,2025,5,2025,Mr. Mark Millett,12059908,24225255,57900831,132310250,498,369,129.0,True,2.01,False,,,,,0001104659-26-035826,
LOW,0000060667,LOW,2022,2026,5,2026,Mr. Ellison,21581889,24847325,95252794,132114182,175.63,164.12,11.5,True,1.15,False,,,,,0000060667-26-000056,
DGX,0001022079,DGX,2021,2025,5,2025,James E. Davis,15498479,26510389,84696184,131996900,160.65,148.37,12.3,True,1.71,False,,,,,0001140361-26-013356,CEO_TRANSITION
ACN,0001467373,ACN,2021,2025,5,2025,Ms. Sweet,29641903,16552177,142894454,131536242,117,251,-134.0,False,0.56,False,,,,,0001308179-25-000651,
TXN,0000097476,TXN,2021,2025,5,2025,Mr. Ilan,22669509,17392255,119647380,131276563,121.78,258.38,-136.6,False,0.77,False,,,,,0000097476-26-000078,CEO_TRANSITION
PFE,0000078003,PFE,2021,2025,5,2025,Bourla,27585301,33705501,131166764,130918964,86,187,-101.0,False,1.22,False,,,,,0000078003-26-000033,
MOS,0001285785,MOS,2021,2025,5,2025,Bruce M. Bodine,10410935,10983095,56532909,130764216,116.32,138.87,-22.6,False,1.05,False,,,,,0001285785-26-000061,
META,0001326801,META,2021,2025,5,2025,Mark Zuckerberg,25125904,25125904,130679225,130679225,243.32,445.33,-202.0,False,1.0,True,S&P 100 Layer A,,founder_no_incentive_award,PRIMARY_VERIFIED,0001628280-26-025532,
FTNT,0001262039,FTNT,2021,2025,5,2025,Ken Xie,11458039,1145113,69306605,129944073,267.28,258.44,8.8,True,0.1,False,,,,,0002077096-26-000106,
ADBE,0000796343,ADBE,2021,2025,5,2025,Shantanu Narayen,51173935,-17392652,216225731,129912920,67.11,187.96,-120.9,False,-0.34,True,S&P 100 Layer A,83,LTI_PSU_actual,PRIMARY_VERIFIED,0000796343-26-000043,
NVR,0000906163,NVR,2021,2025,5,2025,,1748563,-9128987,72159721,128494426,178.8,214.6,-35.8,False,-5.22,False,,,,,0000906163-26-000029,CEO_TRANSITION
VZ,0000732712,VZ,2021,2025,5,2025,,34311016,34137740,153951000,127209018,93.65,213.25,-119.6,False,0.99,False,,,,,0001308179-26-000210,CEO_TRANSITION
HPE,0001645590,HPE,2021,2025,5,2025,Mr. Neri,23482721,30748204,101379247,125531442,329,319,10.0,True,1.31,False,,,,,0001645590-26-000019,
LULU,0001397187,LULU,2021,2025,5,2025,Calvin McDonald,14551916,2215177,70566091,125484001,173.02,56.14,116.9,True,0.15,False,,,,,0001397187-25-000017,
YUM,0001041061,YUM,2021,2025,5,2025,,20861526,24292446,120187718,125094634,153,154,-1.0,False,1.16,False,,,,,0001193125-26-142078,CEO_TRANSITION
MET,0001099219,MET,2021,2025,5,2025,Mr. Khalaf,22364273,13805007,97940260,125041587,195.93,201.00,-5.1,False,0.62,False,,,,,0001099219-26-000026,
KEYS,0001601046,KEYS,2021,2025,5,2025,Mr. Dhanasekaran,18020109,22733067,88996066,124853628,174.46,318.88,-144.4,False,1.26,False,,,,,0001140361-26-002381,CEO_TRANSITION
ABT,0000001800,ABT,2021,2025,5,2025,Robert B. Ford,24198660,26833361,116880944,123445135,125,148,-23.0,False,1.11,False,,,,,0001308179-26-000064,
CPRT,0000900075,CPRT,2021,2025,5,2025,,2072692,-1937010,39157407,123193687,194.45,135.38,59.1,True,-0.93,False,,,,,0001193125-25-249664,CEO_TRANSITION
ADM,0000007084,ADM,2021,2025,5,2025,Juan Luciano,23886978,10686678,118129559,122917100,131.07,214.08,-83.0,False,0.45,False,,,,,0001193125-26-126218,
CTAS,0000723254,CTAS,2021,2025,5,2025,Todd M. Schneider,9249676,34558802,42429899,122841781,384.67,203.00,181.7,True,3.74,False,,,,,0000723254-25-000025,
LMT,0000936468,LMT,2021,2025,5,2025,Taiclet,23453308,19116609,112942753,122732910,156.36,230.49,-74.1,False,0.82,False,,,,,0000936468-26-000004,
LH,0000920148,LH,2021,2025,5,2025,Adam H. Schechter,18339913,30129512,89125524,122596807,150,148,2.0,True,1.64,False,,,,,0001193125-26-150752,
MLM,0000916076,MLM,2021,2025,5,2025,C. Howard Nye,14264065,25741013,78193551,122472928,226.27,138.87,87.4,True,1.8,False,,,,,0001193125-26-157039,
MSCI,0001408198,MSCI,2021,2025,5,2025,Henry A. Fernandez,33320590,19771649,86147470,122249547,135.2,208.4,-73.2,False,0.59,False,,,,,0001408198-26-000023,
HON,0000773840,HON,2021,2025,5,2025,Vimal Kapur,20381435,10865674,127627344,121185625,107.80,189.10,-81.3,False,0.53,False,,,,,0000773840-26-000029,CEO_TRANSITION
ITW,0000049826,ITW,2021,2025,5,2025,Christopher A. O’Herlihy,15211011,14920823,91673325,121149911,135.62,192.4,-56.8,False,0.98,False,,,,,0001193125-26-127599,
SNPS,0000883241,SNPS,2021,2025,5,2025,Sassine Ghazi,19605963,-15589671,99024477,120911383,212.2,318.9,-106.7,False,-0.8,False,,,,,0000883241-26-000007,CEO_TRANSITION
USB,0000036104,USB,2021,2025,5,2025,,19054648,21253618,113309237,120731827,142,196,-54.0,False,1.12,False,,,,,0001104659-26-025844,CEO_TRANSITION
PHM,0000822416,PHM,2021,2025,5,2025,Mr. Marshall,15393266,24268797,76994921,120451116,285.70,183.73,102.0,True,1.58,False,,,,,0000822416-26-000016,
ROP,0000882835,ROP,2021,2025,5,2025,L. Neil Hunn,26205765,3919379,134613392,120302136,106,258,-152.0,False,0.15,False,,,,,0001193125-26-145481,
LITE,0001633978,LITE,2021,2025,5,2025,,46407285,46661132,121153592,119343097,124.46,199.56,-75.1,False,1.01,False,,,,,0001308179-25-000615,CEO_TRANSITION
ON,0001097864,ON,2021,2025,5,2025,Hassane El-Khoury,17678866,5241414,98120821,119264548,165,268,-103.0,False,0.3,False,,,,,0001097864-26-000010,
RSG,0001060391,RSG,2021,2025,5,2025,Mr. Vander Ark,14857016,14865606,71817079,119041287,234.13,131.58,102.5,True,1.0,False,,,,,0001193125-26-121796,CEO_TRANSITION
PRU,0001137774,PRU,2021,2025,5,2025,,18631646,16746913,117315000,118832291,184,201,-17.0,False,0.9,False,,,,,0001104659-26-035162,CEO_TRANSITION
SLB,0000087347,SLB,2021,2025,5,2025,Mr. Le Peuch,17347291,17486818,85416999,118274197,195.72,192.26,3.5,True,1.01,False,,,,,0001308179-26-000024,
EA,0000712515,EA,2021,2025,5,2025,Andrew Wilson,30529835,29242935,135856289,117728179,148,221,-73.0,False,0.96,False,,,,,0001308179-25-000556,
J,0000052988,J,2021,2025,5,2025,,14038363,14757687,74381483,117579956,201,146,55.0,True,1.05,False,,,,,0001193125-25-325103,CEO_TRANSITION
LVS,0001300514,LVS,2021,2025,5,2025,Mr. Goldstein,31109661,27592092,123299351,117379436,114,82,32.0,True,0.89,False,,,,,0001300514-26-000031,CEO_TRANSITION
ELV,0001156039,ELV,2021,2025,5,2025,Gail Boudreaux,22582314,18785570,105222651,116739354,117,148,-31.0,False,0.83,False,,,,,0001156039-26-000031,
CASY,0000726958,CASY,2021,2025,5,2025,Mr. Rebelez,10680000,40743000,49160000,115824000,315,173,142.0,True,3.81,False,,,,,0001140361-25-026947,
AEP,0000004904,AEP,2021,2025,5,2025,,36608524,44766056,106177316,115450849,166.24,166.34,-0.1,False,1.22,False,,,,,0000004904-26-000022,CEO_TRANSITION
CMI,0000026172,CMI,2021,2025,5,2025,Jennifer W. Rumsey,19905532,37319088,88909090,115428960,253.8,207.9,45.9,True,1.87,False,,,,,0001104659-26-039158,CEO_TRANSITION
OXY,0000797468,OXY,2021,2025,5,2025,Vicki Hollub,18055969,11322463,80364098,115039923,252,268,-16.0,False,0.63,False,,,,,0001628280-26-019816,
JBHT,0000728535,JBHT,2021,2025,5,2025,,,13097307,46619767,114801104,148.91,162.46,-13.6,False,,False,,,,,0001437749-26-007732,CEO_TRANSITION
STT,0000093751,STT,2021,2025,5,2025,Mr. O’Hanley,19529070,43149556,81812480,114731173,206.6,196,10.6,True,2.21,False,,,,,0001140361-26-013817,
TSN,0000100493,TSN,2021,2025,5,2025,Donnie King,34469569,31914312,105917418,114615791,106.07,149.94,-43.9,False,0.93,False,,,,,0000100493-25-000114,CEO_TRANSITION
CI,0001739940,CI,2021,2025,5,2025,David M. Cordani,22866134,14585303,108002255,114404349,144.513,148.362,-3.8,False,0.64,False,,,,,0001739940-26-000023,
FFIV,0001048695,FFIV,2021,2025,5,2025,Mr. Locoh-Donou,23039819,44505157,76234614,114238882,263.25,284.85,-21.6,False,1.93,False,,,,,0001048695-26-000012,
ADSK,0000769397,ADSK,2022,2026,5,2026,Andrew Anagnost,30091165,24447086,115630235,113886478,91.15,133.77,-42.6,False,0.81,False,,,,,0000769397-26-000030,
GEN,0000849399,GEN,2021,2025,5,2025,Vincent Pilette,22510196,33544036,90511467,113463879,161,310,-149.0,False,1.49,False,,,,,0001140361-25-027427,
NCLH,0001513761,NCLH,2021,2025,5,2025,Harry Sommer,13752560,15461282,88679888,113007368,87.77,144.95,-57.2,False,1.12,False,,,,,0001104659-26-052146,CEO_TRANSITION
OTIS,0001781335,OTIS,2021,2025,5,2025,Ms. Marks,16977877,9537971,103252509,112725721,139,190,-51.0,False,0.56,False,,,,,0001140361-26-015389,
ROST,0000745732,ROST,2022,2026,5,2026,James G. Conroy,17406705,29424552,79820604,112321187,179,209,-30.0,False,1.69,False,,,,,0000745732-26-000013,
CRH,0000849395,CRH,2022,2025,4,2025,Mr. Manifold.,17841808,29683003,56660577,112291525,262.13,109.10,153.0,True,1.66,False,,,,,0001628280-26-021560,
CMCSA,0001166691,CMCSA,2021,2025,5,2025,Mr. Roberts,35148413,13692402,170532132,111062744,65.57,96.29,-30.7,False,0.39,False,,,,,0001193125-26-177138,
GL,0000320335,GL,2021,2025,5,2025,,9453935,15976152,84227286,110981754,154,201,-47.0,False,1.69,False,,,,,0000320335-26-000135,CEO_TRANSITION
HSY,0000047111,HSY,2021,2025,5,2025,,16806399,18390725,90163617,110286546,135,98,37.0,True,1.09,False,,,,,0001628280-26-021065,CEO_TRANSITION
GDDY,0001609711,GDDY,2021,2025,5,2025,Mr. Bhutani,23017010,-21622349,92295940,109275268,149.58,118.22,31.4,True,-0.94,False,,,,,0001609711-26-000030,
ETR,0000065984,ETR,2021,2025,5,2025,Mr. Marsh,16752589,21835264,77087031,108482411,222.60,153.04,69.6,True,1.3,False,,,,,0000065984-26-000211,CEO_TRANSITION
PFG,0001126328,PFG,2021,2025,5,2025,,13827887,15267075,88076242,107655158,212.98,203.47,9.5,True,1.1,False,,,,,0001104659-26-039920,CEO_TRANSITION
MDLZ,0001103982,MDLZ,2021,2025,5,2025,Mr. Van de Put,24516114,8052850,101893009,107543901,104.41,115.32,-10.9,False,0.33,False,,,,,0001628280-26-023640,
EFX,0000033185,EFX,2021,2025,5,2025,Mark W. Begor,23420134,-3703962,104579269,107431922,116.66,169.26,-52.6,False,-0.16,False,,,,,0001193125-26-127556,
CRM,0001108524,CRM,2022,2026,5,2026,Marc Benioff,49379252,-49207128,252154299,107153714,94.12,256.61,-162.5,False,-1.0,True,S&P 100 Layer A,103.3,annual_cash_bonus_actual,PRIMARY_VERIFIED,0001108524-26-000085,CEO_TRANSITION
NTAP,0001002047,NTAP,2021,2025,5,2025,George Kurian,23127224,4745188,85469606,107004589,234.64,272.4,-37.8,False,0.21,False,,,,,0000950170-25-098850,
CMG,0001058090,CMG,2021,2025,5,2025,Scott Boatwright,15455736,-16022852,114273340,106990029,133,124,9.0,True,-1.04,False,,,,,0001140361-26-017294,CEO_TRANSITION
CSX,0000277948,CSX,2021,2025,5,2025,,23696453,15790960,112724707,106785894,128,190,-62.0,False,0.67,False,,,,,0001628280-26-021944,CEO_TRANSITION
HD,0000354950,HD,2022,2026,5,2026,,16191127,12120694,82885459,106709911,156.3,164.1,-7.8,False,0.75,False,,,,,0000354950-26-000090,CEO_TRANSITION
ZBRA,0000877212,ZBRA,2020,2025,6,2025,,13890300,6427632,104850846,106373037,63.18,258.38,-195.2,False,0.46,False,,,,,0001104659-26-039488,CEO_TRANSITION
VMC,0001396009,VMC,2021,2025,5,2025,Mr. Hill,14699497,21798649,61592656,106095644,200.02,130.99,69.0,True,1.48,False,,,,,0001628280-26-020812,
BA,0000012927,BA,2021,2025,5,2025,,23581389,31921725,133555937,105344608,101,230,-129.0,False,1.35,False,,,,,0001193125-26-096787,CEO_TRANSITION
ARE,0001035443,ARE,2021,2025,5,2025,,11572796,4293016,132626430,104865854,33.8,164.5,-130.7,False,0.37,False,,,,,0001035443-26-000031,CEO_TRANSITION
IVZ,0000914208,IVZ,2021,2025,5,2025,,16299849,36278513,84822838,104765019,186,181,5.0,True,2.23,False,,,,,0001193125-26-140019,CEO_TRANSITION
FDX,0001048911,FDX,2021,2025,5,2025,Mr. Subramaniam,12873691,7273193,63427708,104726381,182.43,175.85,6.6,True,0.56,False,,,,,0001104659-25-079800,
COST,0000909832,COST,2021,2025,5,2025,Ron M. Vachris,13932597,15633675,77792653,104726120,293.59,173.48,120.1,True,1.12,False,,,,,0000909832-25-000159,CEO_TRANSITION
DOV,0000029905,DOV,2021,2025,5,2025,Richard Tobin,18757706,15034170,83012449,104139487,165,190,-25.0,False,0.8,False,,,,,0001193125-26-120708,
NXPI,0001413447,NXPI,2021,2025,5,2025,,14736019,12209362,101579989,103890880,148.94,268.22,-119.3,False,0.83,False,,,,,0001413447-26-000026,CEO_TRANSITION
CF,0001324404,CF,2021,2025,5,2025,Mr. Will,13711938,15597638,64872277,103877252,222.57,147.62,74.9,True,1.14,False,,,,,0001104659-26-029482,
HPQ,0000047217,HPQ,2021,2025,5,2025,Enrique Lores,23103812,9882169,103736187,103528288,181.93,318.88,-136.9,False,0.43,False,,,,,0000047217-26-000015,
HST,0001070750,HST,2021,2025,5,2025,James F. Risoleo,14835223,23444743,74955400,102240311,146.56,115.35,31.2,True,1.58,False,,,,,0001070750-26-000062,
MCO,0001059556,MCO,2021,2025,5,2025,Robert Fauber,18082565,26294538,70806596,101938301,183,216,-33.0,False,1.45,False,,,,,0001059556-26-000019,
SYY,0000096021,SYY,2021,2025,5,2025,Kevin P. Hourican,16228599,13039770,82992869,101533498,164,232,-68.0,False,0.8,False,,,,,0000096021-25-000147,
HAS,0000046080,HAS,2021,2025,5,2025,Cocks,18672521,35332347,87182764,100861881,108.23,151.09,-42.9,False,1.89,False,,,,,0001193125-26-160426,CEO_TRANSITION
CRL,0001100682,CRL,2021,2025,5,2025,Mr. Foster,15435220,24913934,70159205,100337471,81,148,-67.0,False,1.61,False,,,,,0001104659-26-037367,
VTR,0000740260,VTR,2021,2025,5,2025,Debra A. Cafaro,17501073,40514474,73782636,100255727,187.19,164.51,22.7,True,2.31,False,,,,,0000740260-26-000010,
PKG,0000075677,PKG,2021,2025,5,2025,Mr. Kowlzan,16992255,12969392,72641862,100218702,173.59,113.51,60.1,True,0.76,False,,,,,0001193125-26-127602,
MO,0000764180,MO,2021,2025,5,2025,"William F. Gifford, Jr",24561180,27713212,98705092,100060146,208.24,135.97,72.3,True,1.13,False,,,,,0001104659-26-038900,
TSCO,0000916365,TSCO,2021,2025,5,2025,Harry A. Lawton III,32277194,24875183,77029895,100024425,190,159,31.0,True,0.77,False,,,,,0001193125-26-126620,
WRB,0000011544,WRB,2021,2025,5,2025,Mr. Rob Berkley,16823866,21149853,81862832,99935038,267.62,224.47,43.2,True,1.26,False,,,,,0001193125-26-170583,
MGM,0000789570,MGM,2021,2025,5,2025,Mr. Hornbuckle,25329156,25905860,87665133,99819835,115.86,81.82,34.0,True,1.02,False,,,,,0001193125-26-129074,
TFC,0000092230,TFC,2021,2025,5,2025,,14313770,15202106,79589076,98393194,129.86,196.02,-66.2,False,1.06,False,,,,,0001193125-26-107144,CEO_TRANSITION
BR,0001383312,BR,2021,2025,5,2025,Timothy C. Gokey,17188658,30364453,63997312,98112943,209.37,141.56,67.8,True,1.77,False,,,,,0001140361-25-037069,
CSGP,0001057352,CSGP,2021,2025,5,2025,Andrew C. Florance,36431936,33174602,144586931,97629402,112.39,122.51,-10.1,False,0.91,False,,,,,0001193125-26-197205,
DD,0001666700,DD,2021,2025,5,2025,,16134250,18320887,99865865,97626795,169,190,-21.0,False,1.14,False,,,,,0001193125-26-151204,CEO_TRANSITION
SRE,0001032208,SRE,2021,2025,5,2025,Mr. Martin,22245589,11709926,114465348,97302372,163,159,4.0,True,0.53,False,,,,,0001193125-26-127603,
DRI,0000940944,DRI,2021,2025,5,2025,Ricardo Cardenas,13995870,31605527,56520353,97214598,307.28,169.56,137.7,True,2.26,False,,,,,0000950170-25-101699,
EOG,0000821189,EOG,2021,2025,5,2025,Mr. Yacob,17576636,10130594,79346413,95027149,268,282.89,-14.9,False,0.58,False,,,,,0001104659-26-036125,CEO_TRANSITION
URI,0001067701,URI,2021,2025,5,2025,Mr. Flannery,12057571,19027354,61263950,94981133,360,175,185.0,True,1.58,False,,,,,0001193125-26-124113,
APA,0001841666,APA,2021,2025,5,2025,John J. Christmann IV,13202517,20245175,67249493,94851553,196.81,295.11,-98.3,False,1.53,False,,,,,0001193125-26-149453,
EXC,0001109357,EXC,2021,2025,5,2025,Mr. Butler,15601905,24610264,94569622,94617393,173,153,20.0,True,1.58,False,,,,,0001109357-26-000040,CEO_TRANSITION
SHW,0000089800,SHW,2021,2025,5,2025,Heidi G. Petz,14914317,9307185,75782063,94118070,138.29,128.86,9.4,True,0.62,False,,,,,0000089800-26-000025,
RMD,0000943819,RMD,2021,2025,5,2025,Mr. Michael Farrell,14674543,29631927,64712554,94002574,134.38,149.50,-15.1,False,2.02,False,,,,,0000943819-25-000079,
TER,0000097210,TER,2021,2025,5,2025,Gregory S. Smith,14107588,41136477,63793076,93035743,164.67,258.77,-94.1,False,2.92,False,,,,,0001193125-26-127504,CEO_TRANSITION
AME,0001037868,AME,2021,2025,5,2025,David A. Zapico,16462630,21276792,71665905,92721643,175,190,-15.0,False,1.29,False,,,,,0001037868-26-000062,
FIS,0001136893,FIS,2021,2025,5,2025,,22928412,21626368,149781648,92571167,52.55,104.70,-52.2,False,0.94,False,,,,,0001136893-26-000026,CEO_TRANSITION
CL,0000021665,CL,2021,2025,5,2025,Noel Wallace,16478196,12342588,81755201,92543247,104.0,111.8,-7.8,False,0.75,False,,,,,0001308179-26-000136,
DG,0000029534,DG,2022,2026,5,2026,Todd J. Vasos,8163197,19500388,70480831,92412061,79.72,208.9,-129.2,False,2.39,False,,,,,0001104659-26-040394,CEO_TRANSITION
EME,0000105634,EME,2021,2025,5,2025,Anthony J. Guzzi,14380630,21445529,62607234,92183390,680.65,189.72,490.9,True,1.49,False,,,,,0001140361-26-015809,
CHRW,0001043277,CHRW,2021,2025,5,2025,David P. Bozeman,11045949,25032037,71349486,91841168,192.75,138.77,54.0,True,2.27,False,,,,,0001043277-26-000011,CEO_TRANSITION
UHS,0000352915,UHS,2021,2025,5,2025,Marc D. Miller,16148937,27735374,70519628,91736012,163,284,-121.0,False,1.72,False,,,,,0001193125-26-148814,
ECL,0000031462,ECL,2021,2025,5,2025,Christophe Beck,17404935,25910127,66429221,91424389,128.15,138.87,-10.7,False,1.49,False,,,,,0001104659-26-032777,
TRMB,0000864749,TRMB,2021,2026,5,2026,Robert G. Painter,19129944,26495081,83114644,91358601,117,258,-141.0,False,1.39,False,,,,,0000864749-26-000042,
UPS,0001090727,UPS,2021,2025,5,2025,Carol Tomé,22878788,10260804,116918910,90940092,74.69,136.89,-62.2,False,0.45,False,,,,,0001628280-26-019856,
COO,0000711404,COO,2021,2025,5,2025,Mr. White,16051141,1770870,67700565,90885796,67.09,103.97,-36.9,False,0.11,False,,,,,0001628280-26-011110,
LDOS,0001336920,LDOS,2021,2026,5,2026,,14736385,28272642,69513968,90692567,186.30,127.32,59.0,True,1.92,False,,,,,0001336920-26-000138,CEO_TRANSITION
MDT,0001613103,MDT,2021,2025,5,2025,,21240058,26085386,100436884,90291009,97.82,148.62,-50.8,False,1.23,False,,,,,0001613103-25-000151,CEO_TRANSITION
AIZ,0001267238,AIZ,2021,2025,5,2025,Keith W. Demmings,15221983,24201570,59207359,89687914,192.81,221.66,-28.8,False,1.59,False,,,,,0001267238-26-000018,
DHR,0000313616,DHR,2021,2025,5,2025,Rainer Blair,23795280,17340170,104154020,89665494,119,148,-29.0,False,0.73,False,,,,,0000313616-26-000101,
HUBB,0000048898,HUBB,2021,2025,5,2025,Gerben W. Bakker,10346752,11636745,43568298,88607356,307.70,222.79,84.9,True,1.12,False,,,,,0001308179-26-000121,
CTVA,0001755672,CTVA,2021,2025,5,2025,Mr. Magro,17499399,28549774,77660618,88339455,183,122,61.0,True,1.63,False,,,,,0001193125-26-116069,CEO_TRANSITION
A,0001090872,A,2021,2025,5,2025,Mr. McDonnell,12827236,14643258,87126577,88001193,148.32,193.57,-45.2,False,1.14,False,,,,,0001193125-26-040286,CEO_TRANSITION
NKE,0000320187,NKE,2022,2026,5,2026,Elliott Hill,36340876,19275855,181614302,87529539,36.47,48.36,-11.9,False,0.53,False,,,,,0000320187-26-000089,CEO_TRANSITION
SWKS,0000004127,SWKS,2021,2025,5,2025,,24717041,3944043,117429193,87059514,59.29,586,-526.7,False,0.16,False,,,,,0001104659-26-039476,CEO_TRANSITION
WTW,0001140536,WTW,2021,2025,5,2025,Mr. Hess,12793605,21693892,69030719,86971018,167,137,30.0,True,1.7,False,,,,,0001193125-26-127613,
NI,0001111711,NI,2021,2025,5,2025,Lloyd Yates,13197800,26178851,53201731,86678331,216,159,57.0,True,1.98,False,,,,,0001140361-26-011851,CEO_TRANSITION
CBOE,0001374310,CBOE,2021,2025,5,2025,,18347037,22673566,73670266,86243636,289.12,175.55,113.6,True,1.24,False,,,,,0001628280-26-022939,CEO_TRANSITION
CNC,0001071739,CNC,2021,2025,5,2025,London,19506298,4646963,100149362,85763682,68.55,148.37,-79.8,False,0.24,False,,,,,0001071739-26-000077,CEO_TRANSITION
PCAR,0000075362,PCAR,2021,2025,5,2025,R. P. Feight,12618865,12600886,76948243,85618117,229.33,248.17,-18.8,False,1.0,False,,,,,0001193125-26-113876,
TGT,0000027419,TGT,2022,2026,5,2026,Mr. Cornell,21830088,7813021,98864706,85362016,66.89,176.65,-109.8,False,0.36,False,,,,,0001628280-26-027508,
BRO,0000079282,BRO,2021,2025,5,2025,J. Powell Brown,8641088,-6030535,46049278,84444440,174,184,-10.0,False,-0.7,False,,,,,0001193125-26-122172,
HUM,0000049071,HUM,2021,2025,5,2025,Mr. Rechtin,18757075,18828255,96447980,84392136,65,108,-43.0,False,1.0,False,,,,,0001104659-26-024393,CEO_TRANSITION
FE,0001031296,FE,2021,2025,5,2025,Brian X. Tierney,13448255,17913372,79977653,84260632,179.8,143.83,36.0,True,1.33,False,,,,,0001193125-26-138029,CEO_TRANSITION
WEC,0000783325,WEC,2021,2025,5,2025,Mr. Lauber,12188492,20871095,67471605,84103380,135.40,149.01,-13.6,False,1.71,False,,,,,0000783325-26-000035,CEO_TRANSITION
KR,0000056873,KR,2022,2026,5,2026,,14037608,13883235,83600842,83797022,202.66,217.65,-15.0,False,0.99,False,,,,,0001104659-26-060250,CEO_TRANSITION
VTRS,0001792044,VTRS,2021,2025,5,2025,Scott A. Smith,15273331,24703538,85357669,83349777,81.26,185.97,-104.7,False,1.62,False,,,,,0001140361-26-013002,CEO_TRANSITION
BMY,0000014272,BMY,2021,2025,5,2025,Dr. Chris Boerner,21879919,16862134,108628642,83105505,105,198,-93.0,False,0.77,False,,,,,0000014272-26-000006,CEO_TRANSITION
XEL,0000072903,XEL,2021,2025,5,2025,,15992859,28391485,81736475,82601848,130,144,-14.0,False,1.78,False,,,,,0000072903-26-000063,CEO_TRANSITION
FTV,0001659166,FTV,2021,2025,5,2025,,14405012,11285225,94082341,82488403,105.69,189.72,-84.0,False,0.78,False,,,,,0001193125-26-189078,CEO_TRANSITION
EIX,0000827052,EIX,2021,2025,5,2025,Mr. Pizarro,16544559,6807157,71790810,82450487,119,153,-34.0,False,0.41,False,,,,,0001104659-26-027655,
DLR,0001297996,DLR,2021,2025,5,2025,,21071498,21541551,97352138,81828407,131.91,137.53,-5.6,False,1.02,False,,,,,0001308179-26-000296,CEO_TRANSITION
O,0000726728,O,2021,2025,5,2025,Sumit Roy,16251931,24580885,71774776,81629488,120.47,126.71,-6.2,False,1.51,False,,,,,0000726728-26-000021,
FITB,0000035527,FITB,2021,2025,5,2025,,11052366,15775869,60236045,80925670,204.21,196.02,8.2,True,1.43,False,,,,,0001193125-26-098679,CEO_TRANSITION
KMB,0000055785,KMB,2021,2025,5,2025,Hsu,15320405,9210075,74826225,80593471,89.85,141.44,-51.6,False,0.6,False,,,,,0001628280-26-020404,
PEG,0000788784,PEG,2021,2025,5,2025,Mr. LaRossa,13866735,11342953,74601985,80336646,162.8,144.69,18.1,True,0.82,False,,,,,0001193125-26-104270,CEO_TRANSITION
SOLV,0001964738,SOLV,2024,2025,2,2025,Bryan C. Hanson,20139981,40020576,60099748,80265560,114.67,108.95,5.7,True,1.99,False,,,,,0001964738-26-000017,
KMI,0001506307,KMI,2021,2025,5,2025,Ms. Dang,12331566,14282847,54282393,79406112,268.96,291.00,-22.0,False,1.16,False,,,,,0001506307-26-000024,CEO_TRANSITION
CPAY,0001175454,CPAY,2021,2025,5,2025,(1)Mr. Clarke,3406867,2722552,96037360,79060447,110.30,132.06,-21.8,False,0.8,False,,,,,0001175454-26-000022,
GWW,0000277135,GWW,2021,2025,5,2025,D.G. Macpherson,11609508,9107336,51635122,78464790,261,231,30.0,True,0.78,False,,,,,0001104659-26-025575,
MCHP,0000827054,MCHP,2022,2026,5,2026,Steve Sanghi,40501951,47170072,102302406,78439492,92.34,256.74,-164.4,False,1.16,False,,,,,0000827054-26-000026,CEO_TRANSITION
CCI,0001051470,CCI,2021,2025,5,2025,,18218454,8879235,123399117,78299223,70.38,126.71,-56.3,False,0.49,False,,,,,0001051470-26-000039,CEO_TRANSITION
IP,0000051434,IP,2021,2025,5,2025,Mr. Silvernail,14838324,-8657205,92593242,78026911,104,127,-23.0,False,-0.58,False,,,,,0001628280-26-021729,CEO_TRANSITION
GPN,0001123360,GPN,2021,2025,5,2025,Cameron Beady,20307392,6476989,121094289,77833679,37.54,203.47,-165.9,False,0.32,False,,,,,0001104659-26-029453,CEO_TRANSITION
ROK,0001024478,ROK,2021,2025,5,2025,Blake D. Moret,15401707,25161026,73102519,77727849,172.60,226.14,-53.5,False,1.63,False,,,,,0001308179-25-000665,
PODD,0001145197,PODD,2021,2025,5,2025,,18858968,25206415,94016906,77277559,111.19,99.39,11.8,True,1.34,False,,,,,0001140361-26-013333,CEO_TRANSITION
NTRS,0000073124,NTRS,2021,2025,5,2025,Mr. O’Grady,10059154,21643405,52429572,76612418,170.76,196.00,-25.2,False,2.15,False,,,,,0000073124-26-000022,
HII,0001501585,HII,2021,2025,5,2025,Christopher D. Kastner,13809406,31037552,61555270,76430981,223,220,3.0,True,2.25,False,,,,,0001501585-26-000014,CEO_TRANSITION
KIM,0000879101,KIM,2021,2025,5,2025,Conor Flynn,11581750,9726025,58580155,76427967,167,176,-9.0,False,0.84,False,,,,,0001206774-26-000197,
TROW,0001113169,TROW,2021,2025,5,2025,Mr. Sharps,17245792,16007907,80443495,76418532,84.14,206.36,-122.2,False,0.93,False,,,,,0001104659-26-028876,
VEEV,0001393052,VEEV,2022,2026,5,2026,Mr. Gassner,470833,-88092167,174069833,76302833,73.77,125.07,-51.3,False,-187.1,True,S&P 500 findings extension,,CEO_premium_option_award,PRIMARY_VERIFIED,0001140361-26-018796,
PNR,0000077360,PNR,2021,2025,5,2025,John Stauch,11374255,14499234,49365499,75976188,209.48,200.35,9.1,True,1.27,False,,,,,0000077360-26-000014,
HBAN,0000049196,HBAN,2021,2025,5,2025,Stephen D. Steinour,12124358,18340287,52433653,75892424,172,196,-24.0,False,1.51,False,,,,,0001193125-26-103196,
DXCM,0001093557,DXCM,2021,2025,5,2025,,16282598,12992295,83230575,75769038,71.81,78.69,-6.9,False,0.8,False,,,,,0001093557-26-000061,CEO_TRANSITION
DTE,0000936340,DTE,2021,2025,5,2025,,14156937,12765598,65345918,75620079,147.24,144.61,2.6,True,0.9,False,,,,,0000936340-26-000062,CEO_TRANSITION
BEN,0000038777,BEN,2021,2025,5,2025,Ms. Johnson,16844816,21476332,75374618,75244707,144.34,272.77,-128.4,False,1.27,False,,,,,0001140361-25-046314,
CFG,0000759944,CFG,2021,2025,5,2025,Mr. Van Saun,12513920,21965302,58353851,74784337,202.1,196.0,6.1,True,1.76,False,,,,,0000759944-26-000064,
BDX,0000010795,BDX,2021,2025,5,2025,Thomas E. Polen,17129140,3475744,82654253,74427608,89.25,130.17,-40.9,False,0.2,False,,,,,0001628280-25-057846,
CTSH,0001058290,CTSH,2021,2025,5,2025,Mr. Kumar,21532448,26662787,102745155,74327140,109.43,196.16,-86.7,False,1.24,False,,,,,0001308179-26-000290,CEO_TRANSITION
DASH,0001792789,DASH,2021,2025,5,2025,Tony Xu,431864,238464732,1667019,74051047,159,258,-99.0,False,552.18,False,,,,,0001792789-26-000018,
UNP,0000100885,UNP,2021,2025,5,2025,Mr. Vena,20296362,16803878,84360940,73502570,124,149,-25.0,False,0.83,False,,,,,0000100885-26-000098,CEO_TRANSITION
BIIB,0000875045,BIIB,2021,2025,5,2025,Mr. Viehbacher,23646004,27664592,126686061,73078848,71.87,119.92,-48.0,False,1.17,False,,,,,0001193125-26-187303,CEO_TRANSITION
DOW,0001751788,DOW,2021,2025,5,2025,Jim Fitterling,19078777,-892309,103295866,72903801,55,79,-24.0,False,-0.05,False,,,,,0001193125-26-082583,
AMT,0001053507,AMT,2021,2025,5,2025,Steven O. Vondran,14854505,12726064,83592647,72523756,90.61,126.71,-36.1,False,0.86,True,S&P 100 Layer A,157,LTI_PSU_actual,PRIMARY_VERIFIED,0001053507-26-000088,CEO_TRANSITION;MANUAL_PRIMARY_TABLE;MANUAL_PRIMARY_TABLE
FSLR,0001274494,FSLR,2021,2025,5,2025,Mr. Widmar,8138605,10361718,36001030,72358022,264,48,216.0,True,1.27,False,,,,,0001274494-26-000096,
IFF,0000051253,IFF,2021,2025,5,2025,Mr. J. Erik Fyrwald,15002866,7485213,95824140,72114793,71,110,-39.0,False,0.5,False,,,,,0001140361-26-009960,CEO_TRANSITION
ALB,0000915913,ALB,2021,2025,5,2025,"J. Kent Masters, Jr.",15513654,38198957,64513176,71873115,102,109,-7.0,False,2.46,False,,,,,0000915913-26-000050,
PAYX,0000723531,PAYX,2021,2025,5,2025,John B. Gibson,8807411,16426552,58116891,71383106,251.16,186.69,64.5,True,1.87,False,,,,,0001193125-25-191789,CEO_TRANSITION
IDXX,0000874716,IDXX,2021,2025,5,2025,Jonathan J. Mazelsky,14580122,31764374,57959891,71224949,135.34,148.36,-13.0,False,2.18,False,,,,,0000874716-26-000064,
AVB,0000915912,AVB,2021,2025,5,2025,Value of Initial Fixed $100,9663500,1583396,65920341,70988433,134,130,4.0,True,0.16,False,,,,,0001104659-26-039943,CEO_TRANSITION
AVY,0000008818,AVY,2022,2025,4,2025,Deon Stander,9538375,6257992,56704277,70875046,127.47,101.03,26.4,True,0.66,False,,,,,0001193125-26-102965,CEO_TRANSITION
NRG,0001013871,NRG,2021,2025,5,2025,Lawrence Coben,20131942,35537362,71664316,70805776,506.68,155.39,351.3,True,1.77,False,,,,,0001104659-26-030844,CEO_TRANSITION
GIS,0000040704,GIS,2021,2025,5,2025,Jeffrey L. Harmening,12492830,-751091,72773467,70222779,99.81,113.32,-13.5,False,-0.06,False,,,,,0001308179-25-000581,
GEHC,0001932393,GEHC,2022,2025,4,2025,Peter Arduini,18562794,19551725,73058723,70157294,136.20,121.98,14.2,True,1.05,False,,,,,0001932393-26-000021,
WYNN,0001174922,WYNN,2021,2025,5,2025,Mr. Billings,15090901,24305795,80162842,69832441,145.6,93.85,51.8,True,1.61,False,,,,,0001193125-26-124077,CEO_TRANSITION
NEM,0001164727,NEM,2021,2025,5,2025,Mr. Palmer,15625168,46280998,66659042,69551899,195,330,-135.0,False,2.96,False,,,,,0001104659-26-035211,
BXP,0001037540,BXP,2021,2025,5,2025,Owen D. Thomas.,23047305,24466190,74800672,68466787,91.77,81.15,10.6,True,1.06,False,,,,,0001037540-26-000010,
DECK,0000910521,DECK,2021,2025,5,2025,,10051429,2465345,55031214,68380183,500.7,78.3,422.4,True,0.25,False,,,,,0000910521-25-000030,CEO_TRANSITION
PPL,0000922224,PPL,2021,2025,5,2025,Mr. Sorgi,13221331,15906018,57049686,68214164,150,144,6.0,True,1.2,False,,,,,0001193125-26-135991,
APD,0000002969,APD,2021,2025,5,2025,,23418863,15415851,105499060,68036969,103,157,-54.0,False,0.66,False,,,,,0001308179-25-000643,CEO_TRANSITION
CDW,0001402057,CDW,2021,2025,5,2025,Ms. Leahy,15009507,9649263,54141186,67821331,109.72,182.33,-72.6,False,0.64,False,,,,,0001308179-26-000251,
APTV,0001521332,APTV,2021,2025,5,2025,Kevin P. Clark,19250277,24676355,86959864,67818159,58.4,170.48,-112.1,False,1.28,False,,,,,0001193125-26-108328,
SNA,0000091440,SNA,2022,2026,4,2026,Nicholas T. Pinchuk,10138217,5967577,50547342,67566736,228.88,189.72,39.2,True,0.59,False,,,,,0000091440-26-000101,CEO_TRANSITION
ODFL,0000878927,ODFL,2021,2025,5,2025,Mr. Freeman,11615896,10595479,68438125,67002381,165,149,16.0,True,0.91,False,,,,,0000878927-26-000006,CEO_TRANSITION
VRSK,0001442145,VRSK,2021,2025,5,2025,Lee M. Shavel,13540847,6493547,69814853,66308156,111.27,130.8,-19.5,False,0.48,False,,,,,0001193125-26-141398,CEO_TRANSITION
VRSN,0001014473,VRSN,2021,2025,5,2025,Bidzos,15536674,24214787,63235612,66176145,113,258,-145.0,False,1.56,False,,,,,0001014473-26-000013,
EXE,0000895126,EXE,2021,2025,5,2025,Mr. Dell’Osso,9879106,14308783,51487964,65528256,308,193,115.0,True,1.45,False,,,,,0001104659-26-048155,CEO_TRANSITION
CHD,0000313927,CHD,2021,2025,5,2025,,9799678,4332429,53864153,65076105,102,109,-7.0,False,0.44,False,,,,,0001193125-26-115994,CEO_TRANSITION
VICI,0001705696,VICI,2021,2025,5,2025,Edward B. Pitoniak,14007585,11631436,57262396,64543897,143.15,137.55,5.6,True,0.83,False,,,,,0001104659-26-028592,
MAS,0000062996,MAS,2021,2025,5,2025,,6641952,6122716,55749811,64417332,116,83,33.0,True,0.92,False,,,,,0001193125-26-151241,CEO_TRANSITION
KEY,0000091576,KEY,2021,2025,5,2025,Mr. Gorman,11522025,16732685,59546466,64020445,160.05,161.11,-1.1,False,1.45,False,,,,,0001193125-26-127600,
UDR,0000074208,UDR,2021,2025,5,2025,Mr. Toomey,9933438,3581688,54244744,62254318,115.44,129.86,-14.4,False,0.36,False,,,,,0000074208-26-000037,
FIX,0001035983,FIX,2021,2025,5,2025,Mr. Lane,10620815,21202213,35322807,61197174,1814.51,219.76,1594.8,True,2.0,False,,,,,0001308179-26-000245,
ALLE,0001579241,ALLE,2021,2025,5,2025,Mr. Stone,9155073,19480153,51521357,61142704,146.95,219.77,-72.8,False,2.13,False,,,,,0001104659-26-044597,CEO_TRANSITION
HSIC,0001000228,HSIC,2021,2025,5,2025,Mr. Bergman,12013915,9776672,52701231,60826151,116,144,-28.0,False,0.81,False,,,,,0001193125-26-146317,
AEE,0001002910,AEE,2021,2025,5,2025,Mr. Lyons,14056510,17245319,49962138,60212925,148.2,159.1,-10.9,False,1.23,False,,,,,0001104659-26-037756,
EXPD,0000746515,EXPD,2021,2025,5,2025,,9643863,13076863,50394747,59530899,165.92,148.84,17.1,True,1.36,False,,,,,0001193125-26-121388,CEO_TRANSITION
AKAM,0001086222,AKAM,2021,2025,5,2025,Dr. Leighton,15954172,12405175,68338415,59527830,83,258,-175.0,False,0.78,False,,,,,0001086222-26-000042,
ES,0000072741,ES,2021,2025,5,2025,"Joseph R. Nolan, Jr.",14987168,15201278,77098052,59022588,94,144,-50.0,False,1.01,False,,,,,0001104659-26-036077,CEO_TRANSITION
EXR,0001289490,EXR,2021,2025,5,2025,Joseph D. Margolis,14186887,6246134,58099555,58756176,136.00,137.83,-1.8,False,0.44,False,,,,,0001289490-26-000027,
NSC,0000702165,NSC,2021,2025,5,2025,Mark R. George,16245050,13376591,83977066,58365030,135,129,6.0,True,0.82,False,,,,,0001193125-26-127620,CEO_TRANSITION
EW,0001099800,EW,2021,2025,5,2025,,17454255,21327530,74313936,58320670,93.45,126.87,-33.4,False,1.22,False,,,,,0001099800-26-000015,CEO_TRANSITION
ED,0001047862,ED,2021,2025,5,2025,Timothy P. Cawley,19899971,14919003,70995550,58287169,164,159,5.0,True,0.75,False,,,,,0001047862-26-000078,
PNW,0000764622,PNW,2021,2025,5,2025,,8414652,8814543,47997741,57747479,138,144,-6.0,False,1.05,False,,,,,0001628280-26-023516,CEO_TRANSITION
CINF,0000020286,CINF,2021,2025,5,2025,Stephen M. Spray,5943492,7850104,47081201,57726166,211.47,221.65,-10.2,False,1.32,False,,,,,0000020286-26-000015,CEO_TRANSITION
PSA,0001393311,PSA,2021,2025,5,2025,"Joseph D. Russell, Jr.",9909777,2398542,47747889,57723795,139,127,12.0,True,0.24,False,,,,,0001193125-26-128991,
MTD,0001037646,MTD,2021,2025,5,2025,Patrick Kaltenbach,6741212,8798416,41547270,57619794,122.33,105.51,16.8,True,1.31,False,,,,,0001174947-26-000389,CEO_TRANSITION
LII,0001069202,LII,2021,2025,5,2025,Alok Maskara,8434155,1717504,39351620,57078948,188.04,175.89,12.2,True,0.2,False,,,,,0001069202-26-000046,CEO_TRANSITION
BLDR,0001316835,BLDR,2021,2025,5,2025,,8133324,4033290,48656087,56774559,252.12,194.02,58.1,True,0.5,False,,,,,0001193125-26-140509,CEO_TRANSITION
MTB,0000036270,MTB,2021,2025,5,2025,Mr. Jones,12015250,14887642,47350271,56392581,185.53,196,-10.5,False,1.24,False,,,,,0001193125-26-099298,
DOC,0000765880,DOC,2021,2025,5,2025,Mr. Brinker,10072994,3346104,67810958,56309670,69.25,126.72,-57.5,False,0.33,False,,,,,0001104659-26-027086,CEO_TRANSITION
EQR,0000906107,EQR,2021,2025,5,2025,Mr. Parrell,12759187,7088965,55205811,55874863,127.21,137.83,-10.6,False,0.56,False,,,,,0001193125-26-155007,
AES,0000874761,AES,2021,2025,5,2025,Andrés Gluski,9153896,13430738,62129822,55178938,73,159,-86.0,False,1.47,False,,,,,0000874761-26-000070,
LUV,0000092380,LUV,2021,2025,5,2025,Robert E. Jordan,16587882,21865552,52680483,54698491,95,88,7.0,True,1.32,False,,,,,0001193125-26-127237,CEO_TRANSITION
LYB,0001489393,LYB,2021,2025,5,2025,,15577445,1216707,93970201,54363514,66.44,122.44,-56.0,False,0.08,False,,,,,0001308179-26-000250,CEO_TRANSITION
GPC,0000040987,GPC,2021,2025,5,2025,Mr. Stengel,12863479,13160136,54169241,54055710,140.38,120.57,19.8,True,1.02,False,,,,,0000040987-26-000011,
WAT,0001000697,WAT,2021,2025,5,2025,Dr. Batra,13973044,10649666,51926392,53987508,153.52,69.03,84.5,True,0.76,False,,,,,0001193125-26-149657,
WY,0000106535,WY,2021,2025,5,2025,Mr. Stockfish,13983685,10318880,65643898,53700274,86.43,102.2,-15.8,False,0.74,False,,,,,0001140361-26-012453,
CMS,0000811156,CMS,2021,2025,5,2025,Rochow,10534039,12284421,46149920,53468911,131,166,-35.0,False,1.17,False,,,,,0000811156-26-000015,
MKC,0000063754,MKC,2021,2025,5,2025,Brendan M. Foley,10831581,9333256,62641199,53462794,79.77,102.38,-22.6,False,0.86,False,,,,,0000063754-26-000140,CEO_TRANSITION
XYL,0001524472,XYL,2021,2025,5,2025,Mr. Pine,11287000,13705000,53283000,53349000,149,189,-40.0,False,1.21,False,,,,,0001104659-26-036678,
ALGN,0001097149,ALGN,2021,2025,5,2025,Joseph Hogan,19193988,3855982,115743022,53319434,29,117,-88.0,False,0.2,True,S&P 500 findings extension,58.1,annual_cash_bonus_actual,PRIMARY_VERIFIED,0001097149-26-000023,
REG,0000910606,REG,2021,2025,5,2025,Ms. Palmer,11092432,11270326,45596833,52627683,184.91,182.01,2.9,True,1.02,False,,,,,0001193125-26-122880,
FRT,0000034903,FRT,2021,2025,5,2025,Mr. Wood,9929147,8370328,44548445,51697291,134.06,154.56,-20.5,False,0.84,False,,,,,0001193125-26-127642,
EG,0001095073,EG,2021,2025,5,2025,Jim Williamson,8952500,8550995,44773661,51649838,161.56,234.33,-72.8,False,0.96,False,,,,,0001628280-26-024596,
MAA,0000912595,MAA,2021,2025,5,2025,,5874989,8541387,43826566,51286581,130.43,129.69,0.7,True,1.45,False,,,,,0001140361-26-013212,CEO_TRANSITION
BAX,0000010456,BAX,2021,2025,5,2025,Andrew Hider,29805182,14723645,102361875,51182721,26.50,148.36,-121.9,False,0.49,True,S&P 500 findings extension,54,annual_cash_bonus_actual,PRIMARY_VERIFIED,0001628280-26-020330,CEO_TRANSITION
INVH,0001687229,INVH,2021,2025,5,2025,Dallas B. Tanner,14096335,-577707,59331917,50847617,109.12,137.53,-28.4,False,-0.04,False,,,,,0001193125-26-126310,
TYL,0000860731,TYL,2021,2025,5,2025,"H. Lynn Moore, Jr.",8858370,5427418,38533765,50675052,104,157,-53.0,False,0.61,False,,,,,0000860731-26-000022,
SBAC,0001034054,SBAC,2021,2025,5,2025,Brendan T. Cavanagh,11358715,10743291,54767182,50620052,73.54,82.6,-9.1,False,0.95,False,,,,,0001193125-26-149656,
STZ,0000016918,STZ,2022,2026,5,2026,William A. Newlands,14209126,10903642,71953561,50185760,80.28,166.86,-86.6,False,0.77,False,,,,,0000016918-26-000023,
TAP,0000024545,TAP,2021,2025,5,2025,,11137548,-1028805,56126346,50155339,122.07,100.87,21.2,True,-0.09,False,,,,,0001104659-26-034154,CEO_TRANSITION
WST,0000105770,WST,2021,2025,5,2025,Eric M. Green,7190876,4115453,42381519,49375920,59,118,-59.0,False,0.57,False,,,,,0001104659-26-026778,
ROL,0000084839,ROL,2021,2025,5,2025,"Jerry E. Gahlhoff, Jr.",8966870,15266101,40101313,49246331,163,190,-27.0,False,1.7,False,,,,,0000084839-26-000014,
STE,0001757898,STE,2022,2026,5,2026,,11508522,3321857,46532110,48988274,121.45,106.94,14.5,True,0.29,False,,,,,0001193125-26-267599,CEO_TRANSITION
PPG,0000079879,PPG,2021,2025,5,2025,Mr. Knavish,14885022,6644608,61149439,48361631,78,129,-51.0,False,0.45,False,,,,,0000079879-26-000088,
ZTS,0001555280,ZTS,2021,2025,5,2025,Kristin C. Peck,19046509,2772228,78593153,47710969,79.52,188.27,-108.8,False,0.15,False,,,,,0001555280-26-000015,
TPL,0001811074,TPL,2020,2024,5,2024,Tyler Glover,7413075,25838742,27783708,47679852,403,217,186.0,True,3.49,False,,,,,0001104659-25-093848,
DPZ,0001286681,DPZ,2021,2025,5,2025,Russell J. Weiner,10696081,8945334,45128474,47307866,118.24,137.5,-19.3,False,0.84,False,,,,,0001286681-26-000012,CEO_TRANSITION
AOS,0000091142,AOS,2021,2025,5,2025,,8495829,8329274,43009136,47291218,133,190,-57.0,False,0.98,False,,,,,0001193125-26-089938,CEO_TRANSITION
RF,0001281761,RF,2022,2025,4,2025,J. Turner,10526012,13175416,48563172,47074446,171,168,3.0,True,1.25,False,,,,,0001281761-26-000027,
GNRC,0001474735,GNRC,2021,2025,5,2025,Aaron P Jagdfeld,8809765,4503043,39520185,47017685,59.93,189.72,-129.8,False,0.51,False,,,,,0001104659-26-051499,
CLX,0000021076,CLX,2021,2025,5,2025,Ms.                                             Rendle,13333032,10448800,57468317,46257995,63.41,137.19,-73.8,False,0.78,False,,,,,0001552781-25-000311,CEO_TRANSITION
D,0000715957,D,2021,2025,5,2025,Mr. Blue,16037850,16650230,50177378,46134287,97,159,-62.0,False,1.04,False,,,,,0001193125-26-115180,
EVRG,0001711269,EVRG,2021,2025,5,2025,Mr. Campbell,9537018,16639907,42080177,46010544,164,160,4.0,True,1.74,False,,,,,0001140361-26-011357,CEO_TRANSITION
ATO,0000731802,ATO,2021,2025,5,2025,J. Kevin Akers,9953274,16402906,43103080,45145942,125.63,121.42,4.2,True,1.65,False,,,,,0000731802-25-000076,
RVTY,0000031791,RVTY,2021,2025,5,2025,Prahlad R. Singh,13809549,5799936,55104792,45083658,68.2,105.15,-37.0,False,0.42,False,,,,,0001193125-26-107266,
AMCR,0001748790,AMCR,2021,2025,5,2025,Peter Konieczny,8458329,5072024,53086478,45007520,111.43,172.42,-61.0,False,0.6,False,,,,,0001748790-25-000032,CEO_TRANSITION
AWK,0001410636,AWK,2021,2025,5,2025,,7055667,7510597,45326828,44737586,93.81,158.66,-64.8,False,1.06,False,,,,,0001193125-26-120668,CEO_TRANSITION
BBY,0000764478,BBY,2022,2026,5,2026,Ms. Barry,17346126,2727364,76409141,43409739,74.07,164.12,-90.1,False,0.16,False,,,,,0001140361-26-018265,
GRMN,0001121788,GRMN,2021,2025,5,2025,Clifton A. Pemble,7744354,7788412,30349861,43391350,190.56,153.99,36.6,True,1.01,False,,,,,0001308179-26-000318,
ORLY,0000898173,ORLY,2021,2025,5,2025,Brad Beckham,4231108,5185669,31303237,43248890,302,150,152.0,True,1.23,False,,,,,0000898173-26-000014,CEO_TRANSITION
BALL,0000009389,BALL,2021,2025,5,2025,,13486942,4514573,69472793,42792636,60,100,-40.0,False,0.33,False,,,,,0001104659-26-029499,CEO_TRANSITION
BF-B,0000014693,BF-B,2022,2026,5,2026,Mr. Whiting,25304881,19119723,69964783,42406590,37,152,-115.0,False,0.76,False,,,,,0001193125-26-275853,
LNT,0000352541,LNT,2021,2025,5,2025,Ms. Barton,8999073,10801804,43416827,42121587,147.98,143.83,4.1,True,1.2,False,,,,,0000352541-26-000025,
NDSN,0000072331,NDSN,2021,2025,5,2025,Sundaram Nagarajan,8153900,7162573,42519431,41945729,127.44,207.29,-79.8,False,0.88,False,,,,,0001193125-26-014662,
SNDK,0002023554,SNDK,2025,2025,1,2025,Mr. Goeckeler,22919536,40783700,22919536,40783700,94,108,-14.0,False,1.78,False,,,,,0001628280-25-044481,
L,0000060086,L,2021,2025,5,2025,Benjamin J. Tisch,8753165,11974575,35299865,40117002,277.70,287.03,-9.3,False,1.37,False,,,,,0000060086-26-000023,
ECHO,0001415404,ECHO,2020,2024,5,2024,Mr. Akhavan.,8927865,16709964,35635105,39071243,52.84,111.11,-58.3,False,1.87,False,,,,,0001558370-25-003470,CEO_TRANSITION
FDS,0001013237,FDS,2021,2025,5,2025,Mr. Snow,9460930,5700082,35981160,38500862,111.53,231.96,-120.4,False,0.6,False,,,,,0001628280-25-046442,
OKE,0001039684,OKE,2021,2025,5,2025,Mr. Norton,12003335,-10179976,59460957,38040490,256.81,290.53,-33.7,False,-0.85,False,,,,,0001039684-26-000010,CEO_TRANSITION
ESS,0000920522,ESS,2021,2025,5,2025,Angela L. Kleiman,10096804,10260636,35349043,37884155,130.12,129.86,0.3,True,1.02,False,,,,,0000920522-26-000011,CEO_TRANSITION
KHC,0001637459,KHC,2021,2025,5,2025,Mr. Abrams-Rivera,10748810,6953641,46811289,37805483,86.97,201.42,-114.4,False,0.65,False,,,,,0001193125-26-141397,
SJM,0000091419,SJM,2022,2026,5,2026,Mark Smucker,10935216,5746789,52139344,37717954,88.48,91.55,-3.1,False,0.53,False,,,,,0001193125-26-283858,
JKHY,0000779152,JKHY,2021,2025,5,2025,Mr. Adelson,7016992,7009055,46870204,37289339,103.95,215.9,-112.0,False,1.0,False,,,,,0000779152-25-000079,
SWK,0000093556,SWK,2022,2026,4,2026,,14485454,10261990,86897508,37038246,51,224,-173.0,False,0.71,False,,,,,0001140361-26-008170,CEO_TRANSITION
VLTO,0001967680,VLTO,2023,2025,3,2025,Jennifer L. Honeycutt,14803238,10546320,35728507,34617250,119.12,158.59,-39.5,False,0.71,False,,,,,0001967680-26-000016,
HRL,0000048465,HRL,2021,2025,5,2025,,7395224,3042889,48168287,34492916,55.66,103.27,-47.6,False,0.41,False,,,,,0000048465-25-000074,CEO_TRANSITION
TDY,0001094285,TDY,2022,2025,4,2025,,4255049,3871281,38373453,33059413,132,193,-61.0,False,0.91,False,,,,,0001193125-26-104187,CEO_TRANSITION
CPT,0000906345,CPT,2021,2025,5,2025,Richard J. Campo,8317514,8317514,32915576,32915576,130.26,137.83,-7.6,False,1.0,False,,,,,0001628280-26-021581,
ZBH,0001136869,ZBH,2021,2025,5,2025,Mr. Tornos,16106550,12572570,85484843,32351994,62.66,126.87,-64.2,False,0.78,False,,,,,0001193125-26-135661,CEO_TRANSITION
IEX,0000832101,IEX,2021,2025,5,2025,Mr Ashleman,9112893,3042222,40458236,29170290,95,191,-96.0,False,0.33,False,,,,,0001193125-26-125451,
KDP,0001418135,KDP,2021,2025,5,2025,Timothy Cofer,8217032,5670304,66507448,27851378,99,105,-6.0,False,0.69,False,,,,,0001193125-26-177266,CEO_TRANSITION
SW,0002005951,SW,2024,2025,2,2025,Mr. Smurfit,16429689,-726562,37758946,27170905,88.21,96.75,-8.5,False,-0.04,False,,,,,0001104659-26-026094,
KVUE,0001944048,KVUE,2023,2025,3,2025,,10916848,-14971122,51301491,23497687,70.42,117.05,-46.6,False,-1.37,False,,,,,0001944048-26-000085,CEO_TRANSITION
ERIE,0000922621,ERIE,2021,2025,5,2025,Mr. NeCastro,5395618,1741249,31813788,21640403,128,204,-76.0,False,0.32,False,,,,,0001193125-26-116761,
FAST,0000815556,FAST,2021,2025,5,2025,Daniel L. Florness,4183328,4866551,16857946,21388278,185,219,-34.0,False,1.16,False,,,,,0000815556-26-000017,
PYPL,0001633917,PYPL,2021,2025,5,2025,Mr. Chriss,25243486,-7470322,149985996,19555433,25,122,-97.0,False,-0.3,True,S&P 500 findings extension,98,departure_AIP_equivalent,PRIMARY_VERIFIED,0001193125-26-145721,CEO_TRANSITION
CHTR,0001091667,CHTR,2021,2025,5,2025,Mr. Winfrey,6466193,-46096708,197996511,19218304,32,127,-95.0,False,-7.13,True,S&P 500 findings extension,94.3,annual_cash_bonus_actual,PRIMARY_VERIFIED,0001140361-26-009220,CEO_TRANSITION
Q,0002058873,Q,2025,2025,1,2025,Jon Kemp,20646678,15888457,20646678,15888457,84.24,93.84,-9.6,False,0.77,False,,,,,0001628280-26-024259,
DELL,0001571996,DELL,2022,2026,5,2026,Michael S. Dell,3382209,3382209,15781569,15781569,339.99,256.43,83.6,True,1.0,False,,,,,0001193125-26-226734,
APO,0001858681,APO,2021,2025,5,2025,Marc Rowan,913367,913367,2966542,2966542,331,196,135.0,True,1.0,False,,,,,0001193125-26-177321,CEO_TRANSITION
BRK-B,0001067983,BRK-B,2021,2025,5,2025,Warren E. Buffett,389488,389488,1982987,1982987,217.01,234.62,-17.6,False,1.0,False,,,,,0001193125-26-106253,
TTWO,0000946581,TTWO,2021,2025,5,2025,Strauss Zelnick,106457,106457,776889,776889,174.73,220.69,-46.0,False,1.0,False,,,,,0001628280-25-036188,
DVN,0001090012,DVN,2021,2025,5,2025,,12566,13660,75177,143994,292,242,50.0,True,1.09,False,,,,,0001104659-26-067065,CEO_TRANSITION
XYZ,0001512673,XYZ,2021,2025,5,2025,Jack Dorsey,2,2,13,13,29.91,228.99,-199.1,False,1.0,True,S&P 500 findings extension,,CEO_no_incentive_award,PRIMARY_VERIFIED,0001628280-26-027203,
DLTR,0000935703,DLTR,2022,2026,5,2026,Mr. Creedon,14775215,20883292,51358276,-17294736,115.67,167.91,-52.2,False,1.41,False,,,,,0001104659-26-053500,CEO_TRANSITION
DVA,0000927066,DVA,2021,2025,5,2025,Javier J. Rodriguez,18210597,18939532,53013434,-55160261,96.77,113.00,-16.2,False,1.04,False,,,,,0000927066-26-000053,
ABNB,0001559720,ABNB,2021,2025,5,2025,Brian Chesky,242122,-89229878,1166958,-64341042,92.45,258.38,-165.9,False,-368.53,True,S&P 500 findings extension,,CEO_not_bonus_participant,PRIMARY_VERIFIED,0001193125-26-175062,
